user_id,signup_date,city,device_type,is_returning
1,2023-12-25,Hyderabad,desktop,False
2,2023-05-25,Chennai,desktop,False
3,2023-10-02,Mumbai,mobile,True
4,2023-06-28,Hyderabad,mobile,False
5,2023-08-29,Chennai,desktop,False
6,2023-11-22,Bangalore,mobile,False
7,2023-11-15,Chennai,desktop,False
8,2023-11-27,Mumbai,mobile,False
9,2023-06-02,Delhi,mobile,True
10,2023-04-14,Delhi,mobile,True
11,2023-03-16,Chennai,mobile,False
12,2023-05-08,Delhi,desktop,False
13,2023-07-18,Chennai,mobile,True
14,2023-06-03,Mumbai,desktop,False
15,2023-02-25,Delhi,mobile,False
16,2023-10-05,Bangalore,desktop,False
17,2023-12-11,Chennai,mobile,False
18,2023-01-19,Delhi,desktop,False
19,2023-06-08,Mumbai,mobile,False
20,2023-01-26,Mumbai,desktop,False
21,2023-06-18,Bangalore,mobile,False
22,2023-01-23,Mumbai,mobile,False
23,2023-02-16,Mumbai,desktop,False
24,2023-01-13,Delhi,mobile,False
25,2023-08-05,Chennai,mobile,True
26,2023-11-18,Hyderabad,mobile,True
27,2023-07-13,Mumbai,mobile,False
28,2023-05-24,Mumbai,mobile,True
29,2023-03-14,Hyderabad,mobile,True
30,2023-06-05,Mumbai,mobile,True
31,2023-03-18,Delhi,mobile,True
32,2023-06-18,Delhi,mobile,True
33,2023-10-14,Hyderabad,desktop,True
34,2023-03-26,Mumbai,mobile,False
35,2023-07-01,Mumbai,mobile,False
36,2023-11-11,Chennai,mobile,False
37,2023-10-24,Mumbai,mobile,True
38,2023-04-22,Delhi,mobile,False
39,2023-08-18,Bangalore,mobile,False
40,2023-04-06,Bangalore,mobile,False
41,2023-06-17,Bangalore,mobile,True
42,2024-01-13,Bangalore,mobile,False
43,2023-06-05,Mumbai,desktop,False
44,2023-04-15,Mumbai,mobile,False
45,2023-07-12,Chennai,mobile,False
46,2023-11-26,Mumbai,mobile,False
47,2023-05-12,Bangalore,desktop,False
48,2023-12-21,Hyderabad,desktop,False
49,2024-01-17,Hyderabad,desktop,True
50,2023-05-18,Delhi,mobile,False
51,2023-11-27,Delhi,mobile,False
52,2023-09-27,Mumbai,mobile,False
53,2023-02-07,Hyderabad,desktop,True
54,2024-01-31,Bangalore,desktop,True
55,2023-02-14,Bangalore,mobile,False
56,2023-06-12,Bangalore,mobile,False
57,2023-11-27,Mumbai,mobile,False
58,2023-09-10,Mumbai,mobile,False
59,2023-06-18,Chennai,mobile,True
60,2023-10-12,Bangalore,mobile,False
61,2023-10-01,Bangalore,mobile,False
62,2023-01-20,Mumbai,mobile,False
63,2023-08-27,Mumbai,mobile,True
64,2023-09-27,Chennai,mobile,False
65,2023-11-06,Chennai,mobile,False
66,2023-01-31,Delhi,mobile,False
67,2023-11-10,Hyderabad,desktop,False
68,2023-04-14,Bangalore,desktop,True
69,2023-06-19,Bangalore,mobile,True
70,2023-07-05,Chennai,mobile,False
71,2023-05-08,Chennai,mobile,False
72,2023-07-29,Delhi,mobile,True
73,2023-10-08,Hyderabad,desktop,False
74,2023-09-10,Delhi,desktop,False
75,2023-01-19,Hyderabad,mobile,False
76,2023-07-19,Bangalore,desktop,True
77,2023-08-08,Delhi,desktop,False
78,2023-05-16,Chennai,desktop,True
79,2023-08-11,Delhi,mobile,True
80,2023-01-03,Delhi,mobile,True
81,2023-08-24,Bangalore,mobile,False
82,2023-12-08,Chennai,mobile,True
83,2023-08-16,Chennai,mobile,False
84,2023-05-22,Mumbai,desktop,False
85,2023-01-09,Mumbai,mobile,False
86,2023-07-09,Mumbai,desktop,False
87,2023-12-16,Bangalore,mobile,False
88,2023-06-14,Delhi,mobile,False
89,2023-05-19,Chennai,desktop,False
90,2023-10-03,Chennai,mobile,False
91,2023-10-18,Delhi,mobile,True
92,2023-02-22,Chennai,desktop,True
93,2023-06-24,Delhi,desktop,False
94,2023-04-20,Bangalore,mobile,False
95,2023-07-22,Bangalore,desktop,False
96,2023-05-16,Bangalore,mobile,False
97,2023-01-04,Delhi,desktop,True
98,2023-06-04,Delhi,desktop,False
99,2023-06-21,Hyderabad,mobile,True
100,2023-12-24,Chennai,mobile,False
101,2023-02-16,Chennai,mobile,False
102,2023-04-04,Hyderabad,mobile,False
103,2023-02-17,Hyderabad,desktop,True
104,2023-08-28,Bangalore,mobile,False
105,2023-12-13,Hyderabad,desktop,False
106,2023-08-01,Delhi,desktop,False
107,2023-12-06,Mumbai,desktop,False
108,2023-11-20,Delhi,desktop,False
109,2023-05-19,Hyderabad,mobile,False
110,2023-07-24,Chennai,mobile,False
111,2024-01-16,Delhi,mobile,True
112,2023-03-14,Chennai,mobile,False
113,2023-01-04,Delhi,mobile,False
114,2023-03-17,Chennai,mobile,False
115,2023-11-25,Delhi,mobile,False
116,2023-03-18,Chennai,desktop,False
117,2023-10-31,Mumbai,desktop,False
118,2023-09-13,Bangalore,mobile,False
119,2023-04-12,Delhi,mobile,False
120,2023-04-16,Mumbai,mobile,False
121,2023-11-29,Bangalore,mobile,False
122,2023-02-08,Delhi,desktop,False
123,2023-11-10,Mumbai,mobile,False
124,2023-10-02,Mumbai,desktop,False
125,2023-03-29,Mumbai,mobile,False
126,2023-07-30,Hyderabad,mobile,True
127,2024-01-04,Chennai,mobile,True
128,2023-03-18,Bangalore,mobile,True
129,2023-03-18,Chennai,mobile,False
130,2023-01-28,Chennai,desktop,True
131,2023-09-02,Chennai,desktop,True
132,2023-03-07,Mumbai,mobile,True
133,2023-09-23,Chennai,desktop,False
134,2024-01-17,Hyderabad,mobile,True
135,2023-07-24,Delhi,desktop,False
136,2023-02-27,Mumbai,mobile,True
137,2023-07-20,Bangalore,desktop,False
138,2023-08-13,Delhi,mobile,False
139,2023-05-22,Delhi,mobile,False
140,2024-01-16,Delhi,mobile,False
141,2024-01-03,Chennai,mobile,False
142,2023-03-25,Chennai,mobile,False
143,2023-05-23,Mumbai,mobile,True
144,2023-12-18,Chennai,desktop,False
145,2023-02-02,Chennai,desktop,True
146,2023-06-01,Chennai,desktop,False
147,2023-06-07,Mumbai,desktop,True
148,2023-05-21,Mumbai,desktop,False
149,2023-09-08,Hyderabad,mobile,False
150,2023-10-30,Hyderabad,mobile,False
151,2023-04-22,Hyderabad,desktop,False
152,2023-05-24,Hyderabad,desktop,False
153,2023-07-28,Delhi,mobile,False
154,2023-08-12,Delhi,mobile,False
155,2023-02-12,Hyderabad,mobile,True
156,2023-09-21,Hyderabad,desktop,False
157,2023-09-01,Bangalore,mobile,False
158,2023-01-03,Delhi,desktop,False
159,2023-05-05,Bangalore,desktop,False
160,2023-09-25,Bangalore,mobile,True
161,2023-03-25,Chennai,mobile,True
162,2023-01-16,Mumbai,mobile,False
163,2023-11-30,Delhi,mobile,False
164,2023-02-28,Hyderabad,mobile,False
165,2023-06-26,Hyderabad,desktop,False
166,2023-03-04,Mumbai,mobile,False
167,2023-02-18,Delhi,mobile,True
168,2023-11-03,Hyderabad,mobile,True
169,2023-09-03,Hyderabad,desktop,True
170,2023-10-16,Chennai,mobile,False
171,2023-10-13,Bangalore,desktop,True
172,2023-11-28,Hyderabad,mobile,False
173,2023-01-15,Delhi,mobile,False
174,2023-12-04,Mumbai,mobile,True
175,2023-09-12,Chennai,mobile,True
176,2023-04-02,Delhi,mobile,True
177,2023-10-06,Chennai,mobile,False
178,2023-07-25,Bangalore,mobile,False
179,2023-04-04,Hyderabad,mobile,True
180,2023-08-13,Delhi,mobile,False
181,2023-10-28,Mumbai,desktop,False
182,2023-11-14,Bangalore,mobile,False
183,2023-07-18,Bangalore,mobile,False
184,2023-09-28,Chennai,desktop,False
185,2023-08-22,Bangalore,desktop,False
186,2023-02-15,Delhi,desktop,False
187,2023-03-05,Chennai,mobile,True
188,2023-08-18,Bangalore,desktop,False
189,2023-09-06,Mumbai,mobile,False
190,2023-09-03,Delhi,mobile,False
191,2023-03-16,Mumbai,desktop,False
192,2023-06-06,Mumbai,mobile,False
193,2023-08-11,Chennai,mobile,True
194,2023-07-09,Hyderabad,mobile,True
195,2023-02-21,Chennai,desktop,True
196,2023-03-29,Delhi,mobile,False
197,2023-11-09,Delhi,mobile,True
198,2023-12-05,Chennai,mobile,True
199,2023-03-07,Hyderabad,mobile,True
200,2023-05-30,Chennai,desktop,True
201,2023-01-20,Delhi,mobile,True
202,2023-02-02,Hyderabad,mobile,True
203,2023-11-24,Delhi,desktop,False
204,2023-10-08,Hyderabad,mobile,True
205,2023-02-15,Hyderabad,mobile,True
206,2023-03-14,Chennai,desktop,False
207,2023-12-20,Chennai,mobile,False
208,2023-11-09,Chennai,mobile,True
209,2023-12-09,Hyderabad,desktop,True
210,2023-05-13,Hyderabad,desktop,False
211,2023-02-24,Delhi,desktop,True
212,2023-03-02,Mumbai,desktop,True
213,2023-12-11,Chennai,desktop,True
214,2023-01-08,Delhi,desktop,True
215,2023-09-29,Delhi,desktop,False
216,2023-09-03,Bangalore,mobile,False
217,2023-06-25,Chennai,mobile,False
218,2023-04-26,Delhi,desktop,False
219,2023-11-13,Bangalore,mobile,False
220,2023-09-28,Chennai,mobile,False
221,2023-07-12,Hyderabad,mobile,False
222,2023-05-30,Bangalore,mobile,True
223,2023-05-11,Hyderabad,mobile,False
224,2023-04-12,Mumbai,desktop,False
225,2023-11-06,Mumbai,desktop,True
226,2023-09-27,Mumbai,desktop,False
227,2023-10-19,Mumbai,desktop,False
228,2023-07-29,Delhi,mobile,False
229,2023-12-27,Mumbai,mobile,True
230,2023-12-04,Delhi,mobile,False
231,2023-03-08,Delhi,mobile,False
232,2023-01-10,Chennai,mobile,False
233,2023-02-18,Delhi,mobile,True
234,2023-04-21,Delhi,mobile,True
235,2023-11-17,Mumbai,mobile,False
236,2023-08-07,Delhi,desktop,False
237,2023-02-26,Hyderabad,mobile,False
238,2023-10-10,Mumbai,mobile,False
239,2023-04-23,Bangalore,mobile,False
240,2023-05-13,Mumbai,mobile,False
241,2023-03-12,Delhi,mobile,True
242,2023-03-24,Hyderabad,mobile,True
243,2023-02-26,Mumbai,mobile,False
244,2024-01-11,Hyderabad,desktop,False
245,2023-12-15,Bangalore,mobile,False
246,2023-09-28,Bangalore,desktop,False
247,2023-04-21,Chennai,desktop,True
248,2023-12-23,Chennai,mobile,False
249,2024-01-10,Mumbai,desktop,False
250,2023-03-17,Chennai,mobile,False
251,2023-06-07,Hyderabad,mobile,True
252,2023-01-20,Chennai,mobile,False
253,2023-05-11,Hyderabad,desktop,False
254,2023-11-25,Chennai,mobile,False
255,2023-05-02,Chennai,desktop,False
256,2023-02-10,Chennai,desktop,True
257,2023-06-16,Delhi,desktop,True
258,2023-05-10,Delhi,mobile,True
259,2023-01-23,Chennai,desktop,False
260,2023-10-06,Hyderabad,mobile,False
261,2023-09-08,Mumbai,mobile,False
262,2024-02-04,Bangalore,desktop,True
263,2023-01-09,Delhi,desktop,False
264,2023-01-13,Chennai,mobile,False
265,2023-11-03,Bangalore,mobile,True
266,2023-11-16,Delhi,mobile,False
267,2023-02-21,Mumbai,mobile,True
268,2023-07-28,Hyderabad,mobile,True
269,2023-02-07,Chennai,mobile,True
270,2023-04-10,Mumbai,mobile,False
271,2023-07-12,Delhi,desktop,False
272,2023-07-10,Chennai,mobile,True
273,2023-02-20,Bangalore,desktop,False
274,2024-01-28,Hyderabad,desktop,False
275,2023-05-21,Delhi,mobile,False
276,2023-06-17,Hyderabad,mobile,True
277,2023-11-07,Chennai,mobile,False
278,2023-04-19,Mumbai,desktop,False
279,2023-07-26,Hyderabad,mobile,True
280,2023-10-27,Bangalore,mobile,True
281,2023-04-20,Delhi,mobile,False
282,2023-07-15,Bangalore,mobile,True
283,2023-06-01,Hyderabad,mobile,False
284,2023-08-31,Mumbai,desktop,True
285,2023-05-08,Mumbai,mobile,False
286,2023-04-15,Bangalore,desktop,True
287,2023-01-10,Chennai,desktop,True
288,2023-12-22,Chennai,mobile,True
289,2023-05-28,Mumbai,mobile,False
290,2023-12-31,Bangalore,desktop,False
291,2023-12-30,Bangalore,desktop,True
292,2023-05-20,Bangalore,mobile,True
293,2023-07-09,Hyderabad,desktop,False
294,2023-04-04,Chennai,mobile,False
295,2023-08-17,Chennai,mobile,False
296,2023-03-04,Hyderabad,mobile,True
297,2023-12-06,Delhi,mobile,False
298,2023-01-25,Hyderabad,mobile,False
299,2023-09-25,Bangalore,mobile,False
300,2023-10-08,Hyderabad,mobile,False
301,2023-01-11,Bangalore,mobile,True
302,2023-11-16,Mumbai,desktop,True
303,2023-07-20,Bangalore,desktop,False
304,2023-05-06,Chennai,mobile,False
305,2023-11-02,Hyderabad,mobile,False
306,2023-07-09,Bangalore,mobile,False
307,2023-03-30,Delhi,mobile,False
308,2023-12-21,Mumbai,mobile,False
309,2023-04-26,Delhi,mobile,False
310,2023-12-18,Delhi,desktop,True
311,2023-06-26,Delhi,desktop,True
312,2023-01-14,Mumbai,mobile,False
313,2023-09-14,Mumbai,desktop,True
314,2023-07-28,Mumbai,mobile,True
315,2023-10-08,Mumbai,mobile,True
316,2023-11-24,Delhi,desktop,True
317,2023-11-21,Chennai,mobile,True
318,2024-01-24,Chennai,mobile,False
319,2023-04-15,Mumbai,desktop,False
320,2023-05-27,Hyderabad,desktop,False
321,2023-10-06,Bangalore,desktop,False
322,2023-01-09,Hyderabad,desktop,False
323,2023-04-28,Hyderabad,desktop,True
324,2023-04-04,Hyderabad,mobile,False
325,2023-05-24,Chennai,mobile,True
326,2023-10-16,Bangalore,mobile,False
327,2024-01-21,Hyderabad,mobile,False
328,2023-01-14,Mumbai,mobile,False
329,2023-09-14,Chennai,mobile,False
330,2023-12-12,Mumbai,mobile,False
331,2023-07-05,Mumbai,mobile,False
332,2023-12-11,Hyderabad,desktop,True
333,2024-02-04,Mumbai,mobile,False
334,2023-07-26,Bangalore,mobile,False
335,2023-12-12,Mumbai,desktop,True
336,2023-06-21,Hyderabad,desktop,True
337,2023-09-27,Mumbai,mobile,False
338,2023-08-09,Chennai,mobile,True
339,2023-06-01,Chennai,mobile,True
340,2023-04-21,Chennai,mobile,False
341,2023-07-02,Delhi,mobile,True
342,2024-02-03,Chennai,mobile,False
343,2023-12-05,Chennai,mobile,False
344,2023-03-13,Delhi,mobile,False
345,2024-01-21,Chennai,mobile,True
346,2023-10-10,Hyderabad,desktop,False
347,2023-03-15,Chennai,desktop,False
348,2023-12-21,Chennai,mobile,True
349,2023-08-03,Delhi,mobile,True
350,2023-11-24,Hyderabad,mobile,False
351,2023-01-23,Mumbai,mobile,True
352,2023-03-09,Bangalore,mobile,True
353,2024-02-02,Hyderabad,mobile,True
354,2024-01-08,Mumbai,mobile,True
355,2023-12-28,Hyderabad,mobile,True
356,2023-04-03,Mumbai,mobile,False
357,2023-11-17,Mumbai,mobile,False
358,2023-11-20,Hyderabad,mobile,True
359,2024-01-19,Delhi,mobile,False
360,2023-03-04,Hyderabad,mobile,False
361,2023-08-12,Hyderabad,mobile,False
362,2023-08-13,Mumbai,mobile,False
363,2024-01-04,Bangalore,mobile,False
364,2023-12-12,Mumbai,mobile,False
365,2023-12-03,Chennai,mobile,False
366,2023-04-13,Hyderabad,mobile,False
367,2023-08-03,Hyderabad,mobile,True
368,2023-07-11,Delhi,mobile,True
369,2023-06-09,Mumbai,desktop,False
370,2024-01-07,Delhi,desktop,False
371,2023-07-26,Hyderabad,desktop,False
372,2023-09-26,Mumbai,mobile,False
373,2023-07-13,Mumbai,desktop,True
374,2024-01-15,Chennai,mobile,False
375,2023-06-01,Chennai,mobile,True
376,2023-08-25,Bangalore,mobile,True
377,2023-03-29,Chennai,desktop,False
378,2023-01-11,Mumbai,mobile,True
379,2023-07-06,Chennai,desktop,False
380,2023-08-02,Bangalore,mobile,False
381,2023-01-15,Hyderabad,mobile,True
382,2023-09-23,Chennai,mobile,False
383,2023-10-24,Mumbai,mobile,False
384,2023-03-14,Hyderabad,mobile,True
385,2023-02-21,Mumbai,mobile,True
386,2023-05-08,Hyderabad,mobile,False
387,2023-01-28,Mumbai,mobile,False
388,2023-03-06,Chennai,mobile,True
389,2023-01-17,Chennai,desktop,True
390,2023-12-17,Bangalore,mobile,False
391,2023-05-18,Hyderabad,mobile,False
392,2023-11-15,Bangalore,mobile,True
393,2023-08-17,Delhi,mobile,False
394,2023-09-11,Chennai,desktop,False
395,2023-07-29,Hyderabad,desktop,False
396,2023-10-21,Bangalore,mobile,True
397,2023-08-19,Bangalore,mobile,False
398,2023-08-29,Delhi,desktop,True
399,2023-03-11,Bangalore,desktop,False
400,2023-04-14,Mumbai,desktop,False
401,2023-07-23,Chennai,desktop,False
402,2023-02-22,Bangalore,mobile,False
403,2024-01-10,Bangalore,mobile,False
404,2023-11-26,Delhi,mobile,False
405,2023-02-23,Mumbai,mobile,True
406,2023-10-03,Bangalore,mobile,False
407,2023-12-01,Chennai,mobile,True
408,2023-01-31,Chennai,mobile,True
409,2023-05-15,Bangalore,mobile,False
410,2023-02-27,Mumbai,mobile,False
411,2023-04-15,Chennai,mobile,False
412,2023-09-23,Chennai,mobile,False
413,2023-01-10,Mumbai,desktop,False
414,2023-09-10,Mumbai,desktop,False
415,2023-10-22,Bangalore,mobile,True
416,2023-06-05,Hyderabad,mobile,False
417,2023-06-07,Delhi,mobile,False
418,2023-02-06,Hyderabad,mobile,True
419,2023-04-29,Hyderabad,mobile,True
420,2023-03-08,Chennai,mobile,False
421,2023-08-30,Mumbai,desktop,True
422,2023-10-26,Chennai,mobile,True
423,2023-08-01,Delhi,mobile,True
424,2023-11-04,Bangalore,mobile,True
425,2023-04-11,Delhi,mobile,False
426,2023-02-25,Chennai,mobile,False
427,2023-11-28,Chennai,desktop,True
428,2023-11-20,Chennai,mobile,False
429,2023-08-27,Chennai,mobile,True
430,2024-01-28,Hyderabad,mobile,False
431,2023-08-19,Bangalore,mobile,False
432,2023-12-28,Hyderabad,mobile,False
433,2024-01-16,Chennai,mobile,False
434,2023-04-02,Mumbai,mobile,False
435,2023-10-06,Hyderabad,mobile,False
436,2023-04-19,Chennai,desktop,False
437,2023-11-13,Chennai,mobile,False
438,2023-06-17,Bangalore,mobile,False
439,2023-10-27,Delhi,mobile,False
440,2023-08-06,Hyderabad,mobile,False
441,2023-08-10,Hyderabad,mobile,True
442,2023-06-10,Hyderabad,mobile,False
443,2023-01-16,Chennai,mobile,True
444,2023-10-05,Bangalore,mobile,True
445,2023-02-26,Chennai,mobile,True
446,2023-03-03,Chennai,mobile,False
447,2023-12-29,Mumbai,mobile,False
448,2023-11-23,Bangalore,desktop,False
449,2023-08-30,Hyderabad,desktop,False
450,2023-03-31,Delhi,mobile,False
451,2023-03-13,Hyderabad,mobile,False
452,2023-11-22,Chennai,desktop,False
453,2023-01-30,Bangalore,mobile,False
454,2023-12-25,Bangalore,mobile,True
455,2023-10-15,Bangalore,desktop,False
456,2023-03-27,Mumbai,mobile,False
457,2023-08-22,Hyderabad,desktop,False
458,2023-08-23,Mumbai,desktop,False
459,2023-11-09,Delhi,mobile,False
460,2023-12-31,Chennai,desktop,False
461,2023-09-22,Mumbai,mobile,False
462,2023-10-14,Mumbai,mobile,False
463,2023-11-23,Chennai,desktop,True
464,2024-01-28,Bangalore,mobile,False
465,2023-09-26,Chennai,desktop,False
466,2023-07-05,Hyderabad,desktop,False
467,2023-05-11,Chennai,desktop,False
468,2023-10-18,Bangalore,desktop,True
469,2023-10-04,Chennai,mobile,True
470,2023-11-16,Mumbai,mobile,False
471,2023-12-17,Delhi,desktop,False
472,2023-06-29,Mumbai,mobile,True
473,2023-10-17,Delhi,mobile,True
474,2024-01-12,Chennai,mobile,False
475,2023-06-12,Hyderabad,desktop,True
476,2023-09-28,Chennai,desktop,True
477,2024-01-11,Bangalore,mobile,True
478,2023-04-06,Chennai,mobile,False
479,2023-09-19,Delhi,mobile,False
480,2023-12-31,Mumbai,mobile,True
481,2023-12-19,Hyderabad,mobile,False
482,2023-10-15,Chennai,mobile,True
483,2023-03-24,Chennai,mobile,True
484,2023-08-13,Mumbai,mobile,True
485,2023-08-11,Hyderabad,mobile,True
486,2023-04-28,Chennai,mobile,True
487,2023-07-11,Chennai,desktop,True
488,2023-03-20,Delhi,mobile,False
489,2023-03-19,Delhi,mobile,False
490,2023-05-27,Bangalore,mobile,False
491,2023-04-17,Mumbai,mobile,False
492,2024-01-17,Hyderabad,mobile,True
493,2023-09-28,Chennai,mobile,False
494,2024-01-25,Chennai,mobile,True
495,2023-09-01,Bangalore,mobile,False
496,2023-03-14,Chennai,desktop,True
497,2023-12-23,Mumbai,mobile,False
498,2023-12-20,Bangalore,mobile,False
499,2023-01-26,Mumbai,desktop,True
500,2023-07-29,Bangalore,mobile,False
501,2023-04-02,Chennai,desktop,True
502,2023-05-05,Bangalore,desktop,False
503,2023-03-14,Delhi,mobile,False
504,2023-05-03,Hyderabad,desktop,True
505,2023-11-05,Chennai,desktop,True
506,2023-07-03,Hyderabad,desktop,True
507,2023-07-06,Chennai,mobile,False
508,2023-07-17,Hyderabad,mobile,True
509,2023-03-19,Delhi,desktop,False
510,2023-12-14,Hyderabad,mobile,False
511,2023-07-05,Bangalore,mobile,True
512,2023-12-10,Hyderabad,mobile,False
513,2023-09-10,Chennai,mobile,False
514,2023-01-13,Mumbai,mobile,True
515,2023-10-26,Hyderabad,desktop,False
516,2023-03-17,Hyderabad,desktop,False
517,2023-02-20,Hyderabad,mobile,False
518,2023-10-02,Chennai,desktop,True
519,2023-05-29,Hyderabad,desktop,True
520,2023-08-07,Chennai,mobile,False
521,2023-05-02,Chennai,mobile,False
522,2023-07-30,Mumbai,desktop,False
523,2023-10-07,Bangalore,mobile,True
524,2023-01-26,Chennai,desktop,False
525,2023-06-22,Delhi,desktop,False
526,2023-06-05,Hyderabad,mobile,True
527,2023-08-26,Delhi,mobile,True
528,2024-01-11,Hyderabad,mobile,False
529,2023-03-23,Mumbai,mobile,False
530,2023-12-22,Chennai,mobile,False
531,2023-09-30,Bangalore,desktop,False
532,2023-03-09,Chennai,mobile,False
533,2023-02-13,Hyderabad,desktop,True
534,2023-03-02,Bangalore,mobile,False
535,2023-05-03,Chennai,desktop,False
536,2023-12-15,Bangalore,mobile,False
537,2023-07-15,Hyderabad,desktop,True
538,2023-11-26,Mumbai,desktop,False
539,2023-11-19,Mumbai,mobile,False
540,2023-04-21,Chennai,desktop,True
541,2023-09-15,Delhi,mobile,True
542,2023-03-30,Hyderabad,mobile,False
543,2023-07-17,Chennai,mobile,False
544,2023-10-09,Chennai,desktop,False
545,2023-07-19,Mumbai,mobile,False
546,2023-04-09,Bangalore,mobile,True
547,2023-01-27,Hyderabad,desktop,False
548,2023-03-30,Bangalore,desktop,False
549,2023-05-26,Hyderabad,mobile,False
550,2023-07-01,Delhi,mobile,False
551,2023-09-14,Mumbai,mobile,False
552,2023-07-08,Delhi,desktop,True
553,2023-08-28,Chennai,desktop,True
554,2023-12-25,Mumbai,mobile,True
555,2024-01-22,Chennai,mobile,True
556,2023-07-15,Delhi,mobile,False
557,2023-10-24,Hyderabad,desktop,False
558,2023-06-14,Chennai,mobile,False
559,2023-11-03,Bangalore,mobile,True
560,2023-09-28,Hyderabad,mobile,False
561,2023-01-08,Hyderabad,mobile,False
562,2023-02-07,Delhi,mobile,True
563,2023-04-24,Delhi,mobile,False
564,2023-12-05,Mumbai,desktop,False
565,2023-02-25,Mumbai,mobile,False
566,2023-12-25,Bangalore,mobile,True
567,2023-05-18,Hyderabad,desktop,False
568,2023-04-12,Bangalore,mobile,True
569,2023-11-30,Bangalore,mobile,True
570,2023-06-26,Delhi,mobile,False
571,2023-06-18,Bangalore,desktop,False
572,2023-12-05,Bangalore,mobile,False
573,2023-10-13,Chennai,desktop,False
574,2023-09-18,Mumbai,mobile,False
575,2024-01-10,Mumbai,mobile,True
576,2023-08-11,Hyderabad,desktop,False
577,2023-07-18,Mumbai,desktop,True
578,2023-07-30,Hyderabad,mobile,True
579,2023-10-14,Chennai,desktop,False
580,2023-06-29,Mumbai,mobile,False
581,2023-09-07,Chennai,mobile,False
582,2023-08-19,Mumbai,mobile,True
583,2023-01-23,Mumbai,mobile,True
584,2023-02-17,Chennai,mobile,True
585,2023-04-19,Bangalore,mobile,True
586,2023-10-23,Bangalore,mobile,True
587,2023-01-06,Bangalore,mobile,False
588,2023-02-07,Bangalore,desktop,False
589,2023-06-18,Mumbai,desktop,False
590,2023-12-22,Delhi,desktop,False
591,2023-10-10,Chennai,mobile,True
592,2023-07-22,Delhi,mobile,False
593,2023-11-21,Delhi,desktop,True
594,2023-11-09,Hyderabad,desktop,False
595,2023-09-30,Bangalore,mobile,False
596,2023-09-01,Mumbai,desktop,False
597,2023-11-23,Bangalore,desktop,True
598,2023-02-16,Bangalore,desktop,False
599,2023-09-06,Delhi,mobile,True
600,2023-03-20,Hyderabad,mobile,True
601,2023-04-20,Bangalore,mobile,True
602,2023-01-13,Chennai,mobile,False
603,2024-01-30,Chennai,mobile,False
604,2024-01-15,Bangalore,mobile,True
605,2023-12-31,Delhi,desktop,False
606,2023-03-31,Delhi,mobile,False
607,2023-12-08,Mumbai,mobile,False
608,2023-12-14,Hyderabad,mobile,True
609,2023-10-07,Delhi,mobile,False
610,2023-08-09,Mumbai,desktop,False
611,2023-03-14,Chennai,mobile,False
612,2023-08-22,Chennai,desktop,False
613,2023-09-17,Chennai,mobile,False
614,2023-04-23,Bangalore,mobile,True
615,2023-02-15,Hyderabad,desktop,True
616,2023-10-01,Mumbai,mobile,True
617,2023-02-12,Hyderabad,mobile,False
618,2023-07-27,Bangalore,mobile,True
619,2023-12-15,Mumbai,mobile,False
620,2023-04-13,Mumbai,mobile,False
621,2023-05-04,Delhi,desktop,False
622,2023-01-10,Hyderabad,mobile,False
623,2023-11-25,Hyderabad,desktop,False
624,2023-07-06,Delhi,mobile,False
625,2023-01-31,Chennai,mobile,False
626,2023-06-05,Bangalore,mobile,True
627,2023-03-01,Hyderabad,mobile,False
628,2023-09-06,Delhi,mobile,False
629,2024-01-22,Mumbai,mobile,False
630,2024-01-09,Delhi,mobile,False
631,2023-09-27,Chennai,desktop,False
632,2023-08-05,Bangalore,mobile,True
633,2024-02-03,Chennai,desktop,False
634,2023-01-02,Mumbai,mobile,True
635,2023-01-24,Mumbai,mobile,True
636,2023-07-25,Mumbai,mobile,False
637,2023-11-16,Mumbai,mobile,False
638,2023-07-18,Delhi,desktop,True
639,2023-12-22,Mumbai,mobile,False
640,2023-04-24,Mumbai,mobile,False
641,2023-10-07,Delhi,mobile,False
642,2023-06-04,Mumbai,mobile,False
643,2023-06-14,Chennai,mobile,False
644,2023-08-10,Chennai,desktop,True
645,2023-04-01,Hyderabad,mobile,False
646,2023-06-16,Chennai,desktop,True
647,2023-07-26,Bangalore,desktop,True
648,2023-10-09,Bangalore,mobile,False
649,2023-03-06,Bangalore,mobile,False
650,2024-01-11,Delhi,mobile,True
651,2023-01-04,Chennai,mobile,True
652,2023-06-06,Bangalore,mobile,False
653,2023-09-06,Hyderabad,desktop,False
654,2023-09-14,Delhi,mobile,False
655,2023-08-23,Hyderabad,mobile,True
656,2023-11-02,Chennai,mobile,False
657,2024-01-01,Mumbai,mobile,True
658,2024-01-30,Hyderabad,desktop,True
659,2023-03-15,Mumbai,mobile,False
660,2023-07-06,Delhi,mobile,False
661,2023-03-03,Hyderabad,mobile,True
662,2023-12-03,Hyderabad,desktop,True
663,2023-06-13,Delhi,mobile,False
664,2023-02-25,Delhi,desktop,True
665,2023-04-21,Bangalore,mobile,True
666,2023-08-06,Chennai,mobile,False
667,2023-08-28,Hyderabad,mobile,True
668,2023-01-21,Hyderabad,mobile,True
669,2023-05-21,Delhi,mobile,False
670,2023-09-22,Delhi,mobile,False
671,2023-05-19,Chennai,mobile,False
672,2023-03-11,Delhi,mobile,False
673,2024-01-20,Mumbai,mobile,False
674,2023-04-28,Mumbai,mobile,False
675,2023-07-17,Mumbai,desktop,False
676,2023-07-24,Mumbai,mobile,True
677,2023-08-02,Chennai,mobile,False
678,2023-02-25,Hyderabad,mobile,False
679,2023-10-14,Mumbai,desktop,False
680,2023-10-20,Delhi,desktop,False
681,2023-06-24,Mumbai,mobile,False
682,2023-12-13,Chennai,mobile,False
683,2024-01-05,Delhi,desktop,True
684,2023-05-08,Mumbai,desktop,True
685,2024-01-13,Hyderabad,mobile,False
686,2023-11-21,Delhi,desktop,True
687,2023-10-19,Delhi,mobile,True
688,2023-10-15,Hyderabad,desktop,True
689,2023-08-14,Delhi,mobile,True
690,2023-03-05,Mumbai,mobile,False
691,2023-02-17,Delhi,mobile,True
692,2023-07-21,Mumbai,desktop,True
693,2023-12-03,Hyderabad,desktop,True
694,2023-03-01,Bangalore,mobile,False
695,2024-02-01,Hyderabad,mobile,True
696,2023-09-14,Mumbai,mobile,False
697,2023-03-06,Chennai,mobile,True
698,2023-08-27,Hyderabad,mobile,False
699,2023-10-16,Chennai,mobile,False
700,2023-02-07,Chennai,desktop,True
701,2023-01-25,Mumbai,mobile,False
702,2023-02-28,Mumbai,mobile,False
703,2023-12-23,Bangalore,mobile,False
704,2024-01-18,Delhi,mobile,False
705,2023-10-24,Hyderabad,desktop,False
706,2023-06-07,Mumbai,mobile,False
707,2023-02-26,Hyderabad,mobile,False
708,2023-02-17,Chennai,mobile,True
709,2023-11-24,Delhi,mobile,True
710,2023-02-25,Bangalore,mobile,False
711,2023-03-06,Hyderabad,mobile,False
712,2023-09-25,Delhi,mobile,False
713,2023-03-10,Bangalore,mobile,False
714,2023-08-04,Hyderabad,mobile,False
715,2024-01-25,Delhi,mobile,False
716,2023-03-30,Mumbai,mobile,False
717,2023-10-08,Hyderabad,mobile,False
718,2023-09-14,Delhi,desktop,False
719,2023-06-09,Bangalore,mobile,True
720,2023-08-22,Delhi,mobile,True
721,2023-05-11,Mumbai,mobile,False
722,2023-02-18,Hyderabad,mobile,False
723,2023-05-27,Hyderabad,mobile,True
724,2023-11-12,Hyderabad,desktop,True
725,2023-01-02,Mumbai,mobile,False
726,2023-11-25,Bangalore,mobile,False
727,2023-05-25,Hyderabad,mobile,False
728,2024-01-01,Bangalore,desktop,False
729,2023-03-02,Delhi,mobile,False
730,2023-09-30,Bangalore,mobile,True
731,2023-02-18,Bangalore,desktop,False
732,2023-11-28,Hyderabad,desktop,False
733,2023-05-11,Chennai,desktop,True
734,2023-02-12,Chennai,mobile,True
735,2023-02-26,Mumbai,mobile,True
736,2023-02-19,Mumbai,mobile,False
737,2023-06-27,Chennai,mobile,True
738,2023-10-20,Delhi,mobile,False
739,2023-02-15,Hyderabad,desktop,False
740,2023-06-19,Hyderabad,desktop,False
741,2023-09-28,Delhi,mobile,False
742,2023-12-02,Delhi,mobile,True
743,2023-05-19,Chennai,mobile,False
744,2023-09-04,Mumbai,desktop,False
745,2023-05-28,Delhi,mobile,True
746,2023-08-18,Mumbai,desktop,False
747,2023-10-07,Bangalore,mobile,False
748,2023-05-05,Hyderabad,mobile,True
749,2023-07-11,Chennai,desktop,False
750,2024-01-09,Hyderabad,mobile,False
751,2023-03-21,Chennai,mobile,False
752,2023-04-04,Bangalore,desktop,False
753,2023-08-14,Hyderabad,mobile,True
754,2023-03-06,Bangalore,mobile,True
755,2023-03-29,Chennai,mobile,False
756,2023-03-29,Delhi,mobile,False
757,2023-07-20,Hyderabad,desktop,False
758,2023-08-02,Bangalore,desktop,True
759,2023-07-23,Hyderabad,desktop,False
760,2024-01-17,Hyderabad,mobile,True
761,2023-03-30,Hyderabad,mobile,True
762,2023-03-02,Mumbai,mobile,False
763,2023-09-28,Bangalore,desktop,True
764,2023-04-04,Bangalore,mobile,True
765,2023-11-03,Hyderabad,mobile,True
766,2023-01-27,Delhi,desktop,True
767,2023-08-02,Hyderabad,mobile,False
768,2023-03-15,Mumbai,mobile,False
769,2023-03-02,Chennai,mobile,True
770,2023-07-05,Mumbai,desktop,False
771,2023-01-31,Delhi,mobile,False
772,2023-08-07,Hyderabad,desktop,False
773,2023-01-12,Bangalore,mobile,True
774,2023-10-29,Hyderabad,desktop,False
775,2023-02-01,Delhi,mobile,False
776,2023-06-09,Bangalore,mobile,True
777,2023-08-25,Mumbai,desktop,False
778,2023-08-15,Chennai,desktop,False
779,2023-06-30,Chennai,mobile,False
780,2023-11-13,Hyderabad,desktop,True
781,2023-02-15,Mumbai,desktop,True
782,2023-12-07,Delhi,mobile,True
783,2023-03-21,Chennai,mobile,False
784,2023-05-15,Mumbai,desktop,True
785,2023-09-17,Hyderabad,mobile,False
786,2023-11-04,Bangalore,mobile,False
787,2023-09-04,Hyderabad,desktop,True
788,2023-06-08,Hyderabad,mobile,True
789,2023-07-22,Mumbai,mobile,False
790,2023-04-22,Chennai,desktop,False
791,2023-10-19,Mumbai,mobile,True
792,2023-11-06,Bangalore,desktop,False
793,2023-04-29,Mumbai,desktop,False
794,2024-01-18,Delhi,mobile,False
795,2023-01-17,Hyderabad,mobile,False
796,2023-11-27,Chennai,mobile,True
797,2023-08-15,Bangalore,mobile,False
798,2023-12-27,Hyderabad,mobile,False
799,2023-04-27,Mumbai,mobile,True
800,2023-02-12,Delhi,mobile,False
801,2024-01-03,Mumbai,mobile,True
802,2023-04-25,Hyderabad,mobile,False
803,2023-10-10,Bangalore,mobile,False
804,2023-02-06,Chennai,mobile,False
805,2023-10-29,Hyderabad,mobile,True
806,2023-04-23,Bangalore,mobile,False
807,2023-02-04,Hyderabad,mobile,True
808,2023-05-12,Delhi,mobile,False
809,2023-12-02,Mumbai,desktop,False
810,2023-12-02,Chennai,mobile,False
811,2024-01-12,Bangalore,mobile,True
812,2023-08-16,Chennai,mobile,False
813,2023-05-27,Chennai,mobile,True
814,2023-05-02,Chennai,mobile,False
815,2023-03-22,Bangalore,desktop,False
816,2023-06-22,Bangalore,mobile,False
817,2023-06-03,Chennai,desktop,False
818,2023-05-30,Mumbai,mobile,False
819,2024-01-10,Hyderabad,mobile,True
820,2023-02-27,Chennai,mobile,False
821,2023-03-04,Delhi,mobile,True
822,2023-06-05,Chennai,mobile,False
823,2023-12-22,Bangalore,mobile,False
824,2023-11-18,Hyderabad,mobile,False
825,2023-06-17,Delhi,mobile,True
826,2023-06-15,Hyderabad,mobile,False
827,2023-03-26,Hyderabad,mobile,True
828,2023-05-17,Delhi,mobile,True
829,2023-07-08,Chennai,mobile,True
830,2024-02-04,Chennai,desktop,False
831,2024-01-14,Chennai,mobile,True
832,2023-01-02,Mumbai,mobile,True
833,2023-04-16,Chennai,mobile,True
834,2023-12-30,Delhi,desktop,True
835,2023-03-13,Mumbai,mobile,False
836,2023-05-06,Chennai,mobile,False
837,2023-06-19,Mumbai,mobile,True
838,2023-07-24,Delhi,mobile,False
839,2023-11-09,Chennai,mobile,False
840,2023-12-03,Bangalore,mobile,False
841,2023-07-14,Delhi,desktop,False
842,2023-06-07,Hyderabad,mobile,True
843,2023-05-21,Hyderabad,mobile,False
844,2023-10-02,Delhi,mobile,True
845,2023-01-07,Hyderabad,mobile,True
846,2024-01-28,Delhi,mobile,False
847,2023-02-23,Bangalore,mobile,False
848,2023-04-14,Delhi,mobile,True
849,2023-12-08,Chennai,mobile,False
850,2023-12-04,Chennai,mobile,False
851,2023-03-02,Mumbai,mobile,False
852,2023-03-28,Hyderabad,mobile,False
853,2023-09-15,Hyderabad,mobile,False
854,2023-06-27,Delhi,desktop,False
855,2023-08-30,Hyderabad,mobile,True
856,2023-07-22,Chennai,mobile,True
857,2023-01-31,Bangalore,desktop,True
858,2023-10-16,Delhi,mobile,False
859,2023-03-21,Hyderabad,desktop,False
860,2023-01-11,Chennai,mobile,False
861,2023-09-11,Mumbai,mobile,False
862,2024-01-19,Hyderabad,mobile,True
863,2024-01-26,Bangalore,desktop,True
864,2024-01-19,Bangalore,mobile,True
865,2023-10-14,Hyderabad,desktop,False
866,2023-06-25,Hyderabad,mobile,False
867,2023-05-06,Chennai,desktop,False
868,2023-02-16,Hyderabad,mobile,False
869,2023-07-25,Mumbai,mobile,False
870,2023-04-17,Chennai,desktop,False
871,2023-10-02,Delhi,desktop,False
872,2023-12-03,Mumbai,mobile,False
873,2023-05-03,Chennai,mobile,False
874,2023-05-14,Chennai,mobile,False
875,2023-04-17,Bangalore,mobile,False
876,2023-11-01,Chennai,mobile,False
877,2023-11-25,Mumbai,mobile,True
878,2023-02-19,Hyderabad,mobile,True
879,2023-12-03,Mumbai,desktop,False
880,2023-04-05,Delhi,mobile,False
881,2023-09-25,Chennai,mobile,True
882,2023-01-23,Chennai,mobile,True
883,2023-02-23,Chennai,mobile,True
884,2024-01-09,Chennai,mobile,False
885,2023-09-11,Bangalore,mobile,True
886,2023-08-23,Bangalore,mobile,True
887,2023-02-28,Hyderabad,desktop,True
888,2023-06-13,Chennai,mobile,True
889,2023-09-16,Delhi,desktop,False
890,2023-11-10,Hyderabad,desktop,True
891,2023-08-04,Chennai,desktop,False
892,2023-07-02,Bangalore,mobile,False
893,2023-02-26,Delhi,mobile,False
894,2023-05-25,Hyderabad,mobile,True
895,2023-03-31,Delhi,mobile,True
896,2023-11-07,Chennai,mobile,True
897,2023-02-14,Mumbai,mobile,True
898,2023-09-14,Delhi,mobile,False
899,2023-01-21,Delhi,mobile,True
900,2023-01-21,Bangalore,mobile,True
901,2023-02-21,Chennai,desktop,False
902,2023-12-04,Delhi,mobile,False
903,2023-06-20,Chennai,mobile,True
904,2023-03-08,Bangalore,mobile,True
905,2023-04-23,Chennai,desktop,True
906,2023-10-27,Bangalore,mobile,False
907,2023-06-09,Bangalore,mobile,False
908,2023-09-23,Hyderabad,mobile,False
909,2023-11-16,Chennai,mobile,False
910,2023-08-20,Mumbai,mobile,False
911,2023-11-21,Hyderabad,desktop,True
912,2023-03-09,Bangalore,desktop,False
913,2023-01-28,Mumbai,desktop,False
914,2023-04-26,Delhi,desktop,False
915,2023-02-20,Delhi,mobile,False
916,2023-06-30,Hyderabad,desktop,False
917,2023-09-17,Mumbai,mobile,False
918,2023-03-20,Chennai,mobile,True
919,2023-09-30,Mumbai,mobile,False
920,2023-04-18,Hyderabad,mobile,True
921,2023-03-15,Chennai,mobile,False
922,2023-06-24,Chennai,mobile,True
923,2023-07-03,Delhi,mobile,False
924,2023-01-23,Mumbai,desktop,False
925,2023-10-01,Chennai,mobile,True
926,2023-05-09,Hyderabad,mobile,False
927,2023-10-18,Delhi,desktop,False
928,2023-11-16,Chennai,mobile,False
929,2023-07-05,Mumbai,desktop,True
930,2023-02-28,Delhi,mobile,False
931,2023-01-01,Mumbai,desktop,True
932,2023-05-11,Mumbai,mobile,True
933,2023-03-08,Mumbai,mobile,True
934,2023-10-20,Delhi,mobile,False
935,2023-10-12,Chennai,mobile,False
936,2023-03-30,Bangalore,desktop,True
937,2023-04-10,Chennai,mobile,True
938,2023-07-08,Delhi,mobile,False
939,2024-01-13,Bangalore,mobile,False
940,2023-12-12,Bangalore,desktop,False
941,2024-01-23,Bangalore,mobile,True
942,2023-08-29,Hyderabad,desktop,False
943,2023-09-27,Delhi,mobile,True
944,2023-08-07,Hyderabad,mobile,False
945,2023-06-25,Bangalore,mobile,False
946,2024-01-22,Hyderabad,desktop,False
947,2023-12-07,Hyderabad,desktop,True
948,2023-08-21,Delhi,mobile,True
949,2023-05-31,Mumbai,mobile,True
950,2023-10-04,Hyderabad,desktop,True
951,2023-08-17,Hyderabad,mobile,True
952,2023-06-20,Bangalore,mobile,False
953,2023-08-11,Bangalore,mobile,True
954,2023-08-01,Bangalore,mobile,False
955,2023-10-09,Chennai,mobile,True
956,2023-02-10,Hyderabad,mobile,True
957,2023-05-02,Bangalore,mobile,False
958,2023-08-15,Delhi,desktop,False
959,2023-10-21,Chennai,mobile,False
960,2023-03-29,Mumbai,desktop,True
961,2023-09-24,Hyderabad,mobile,False
962,2023-01-29,Hyderabad,mobile,False
963,2023-09-04,Delhi,mobile,True
964,2023-11-12,Mumbai,desktop,False
965,2023-09-01,Mumbai,mobile,False
966,2023-03-02,Chennai,desktop,True
967,2023-05-27,Hyderabad,mobile,False
968,2023-06-23,Bangalore,mobile,False
969,2023-10-05,Delhi,desktop,True
970,2023-11-30,Delhi,mobile,False
971,2024-01-04,Delhi,mobile,True
972,2024-01-14,Delhi,desktop,False
973,2023-05-22,Bangalore,mobile,False
974,2023-02-13,Bangalore,mobile,True
975,2023-05-24,Chennai,desktop,True
976,2023-12-19,Hyderabad,mobile,True
977,2023-11-29,Bangalore,desktop,False
978,2024-01-31,Chennai,mobile,False
979,2023-02-24,Mumbai,desktop,True
980,2023-11-03,Hyderabad,mobile,True
981,2023-12-24,Bangalore,desktop,True
982,2023-06-10,Mumbai,mobile,True
983,2023-10-12,Chennai,mobile,True
984,2023-11-21,Bangalore,mobile,False
985,2023-07-17,Bangalore,mobile,False
986,2023-06-08,Mumbai,desktop,False
987,2023-03-21,Bangalore,desktop,False
988,2023-01-31,Delhi,mobile,False
989,2023-04-22,Bangalore,desktop,False
990,2023-02-15,Hyderabad,mobile,False
991,2023-12-19,Mumbai,mobile,True
992,2023-07-24,Hyderabad,mobile,True
993,2023-02-21,Chennai,mobile,True
994,2023-05-18,Hyderabad,mobile,False
995,2023-03-15,Delhi,desktop,False
996,2023-02-10,Delhi,mobile,True
997,2023-03-18,Hyderabad,mobile,False
998,2024-01-22,Chennai,mobile,False
999,2023-07-06,Bangalore,desktop,True
1000,2024-01-05,Delhi,mobile,True
1001,2023-02-21,Hyderabad,mobile,True
1002,2023-03-28,Hyderabad,mobile,True
1003,2023-04-19,Hyderabad,desktop,False
1004,2024-02-01,Bangalore,mobile,False
1005,2023-08-13,Mumbai,desktop,False
1006,2023-09-05,Chennai,mobile,False
1007,2023-03-10,Mumbai,desktop,False
1008,2023-04-30,Chennai,mobile,False
1009,2023-03-08,Chennai,mobile,False
1010,2023-03-02,Hyderabad,mobile,False
1011,2023-11-23,Delhi,mobile,False
1012,2023-07-10,Hyderabad,mobile,True
1013,2023-07-08,Bangalore,desktop,False
1014,2023-05-31,Chennai,desktop,True
1015,2023-10-13,Delhi,desktop,False
1016,2023-04-06,Chennai,mobile,False
1017,2023-11-08,Chennai,mobile,True
1018,2023-11-05,Hyderabad,mobile,False
1019,2023-09-20,Delhi,mobile,True
1020,2023-04-07,Delhi,desktop,True
1021,2023-04-23,Chennai,mobile,True
1022,2023-05-05,Delhi,desktop,False
1023,2023-05-12,Delhi,mobile,False
1024,2023-05-01,Hyderabad,desktop,False
1025,2023-07-16,Mumbai,mobile,False
1026,2023-10-21,Bangalore,desktop,True
1027,2023-05-02,Mumbai,mobile,True
1028,2023-10-09,Delhi,mobile,True
1029,2024-01-20,Chennai,desktop,False
1030,2023-09-17,Bangalore,mobile,False
1031,2023-02-08,Bangalore,mobile,True
1032,2023-02-23,Chennai,mobile,True
1033,2023-06-10,Bangalore,mobile,True
1034,2023-10-16,Chennai,mobile,False
1035,2023-07-19,Bangalore,mobile,True
1036,2023-10-03,Mumbai,mobile,True
1037,2023-01-16,Bangalore,mobile,True
1038,2023-06-22,Hyderabad,mobile,False
1039,2023-09-05,Chennai,mobile,False
1040,2024-01-18,Bangalore,desktop,False
1041,2023-08-06,Chennai,desktop,False
1042,2023-03-28,Hyderabad,mobile,False
1043,2023-03-23,Bangalore,mobile,False
1044,2023-03-03,Bangalore,mobile,True
1045,2023-10-14,Hyderabad,desktop,False
1046,2023-02-11,Hyderabad,mobile,False
1047,2023-01-12,Hyderabad,mobile,True
1048,2023-11-17,Chennai,mobile,False
1049,2023-08-22,Hyderabad,mobile,True
1050,2023-11-25,Chennai,mobile,True
1051,2023-05-11,Mumbai,mobile,True
1052,2023-04-25,Bangalore,mobile,True
1053,2023-08-06,Bangalore,mobile,False
1054,2023-05-17,Delhi,mobile,False
1055,2023-04-16,Mumbai,desktop,False
1056,2023-06-28,Hyderabad,mobile,False
1057,2023-01-16,Hyderabad,mobile,True
1058,2023-08-30,Mumbai,mobile,False
1059,2023-11-30,Hyderabad,mobile,False
1060,2024-01-16,Delhi,mobile,True
1061,2024-01-22,Chennai,mobile,False
1062,2023-08-14,Bangalore,desktop,False
1063,2023-08-30,Mumbai,mobile,False
1064,2023-05-21,Bangalore,mobile,True
1065,2024-01-21,Chennai,mobile,True
1066,2023-07-18,Mumbai,mobile,False
1067,2023-04-22,Chennai,desktop,False
1068,2023-05-07,Hyderabad,mobile,True
1069,2023-01-21,Hyderabad,mobile,False
1070,2023-05-27,Hyderabad,desktop,True
1071,2023-03-30,Chennai,desktop,True
1072,2023-10-30,Chennai,mobile,False
1073,2023-07-22,Chennai,mobile,False
1074,2023-03-26,Bangalore,mobile,True
1075,2023-06-16,Chennai,mobile,True
1076,2024-01-19,Hyderabad,desktop,False
1077,2023-03-13,Delhi,mobile,False
1078,2023-10-25,Chennai,mobile,True
1079,2023-01-09,Delhi,mobile,True
1080,2023-10-08,Hyderabad,mobile,False
1081,2023-09-15,Chennai,mobile,False
1082,2023-10-02,Bangalore,desktop,True
1083,2023-08-26,Bangalore,mobile,False
1084,2023-01-20,Delhi,mobile,True
1085,2023-08-21,Bangalore,desktop,False
1086,2023-08-09,Bangalore,mobile,False
1087,2023-11-22,Bangalore,desktop,False
1088,2023-01-17,Hyderabad,mobile,True
1089,2024-01-15,Bangalore,mobile,False
1090,2023-03-30,Mumbai,mobile,False
1091,2023-07-15,Chennai,desktop,False
1092,2023-12-16,Bangalore,mobile,False
1093,2023-03-25,Bangalore,mobile,True
1094,2024-01-22,Bangalore,desktop,False
1095,2023-03-28,Mumbai,mobile,False
1096,2023-11-03,Bangalore,mobile,False
1097,2023-12-04,Bangalore,mobile,False
1098,2023-06-03,Chennai,mobile,False
1099,2023-08-16,Mumbai,mobile,True
1100,2023-09-21,Mumbai,mobile,False
1101,2023-08-11,Bangalore,desktop,False
1102,2023-05-01,Mumbai,desktop,False
1103,2023-06-22,Delhi,mobile,False
1104,2023-01-04,Mumbai,desktop,False
1105,2023-12-08,Mumbai,mobile,True
1106,2023-05-08,Mumbai,mobile,True
1107,2023-04-20,Hyderabad,mobile,True
1108,2023-12-21,Hyderabad,mobile,False
1109,2023-02-06,Hyderabad,desktop,True
1110,2023-03-12,Mumbai,mobile,True
1111,2023-10-16,Delhi,mobile,False
1112,2023-01-31,Mumbai,mobile,False
1113,2024-01-16,Bangalore,mobile,False
1114,2023-09-25,Delhi,mobile,False
1115,2023-01-11,Hyderabad,mobile,False
1116,2023-12-10,Chennai,mobile,True
1117,2023-11-24,Delhi,desktop,False
1118,2023-02-01,Hyderabad,mobile,True
1119,2023-02-26,Delhi,mobile,False
1120,2023-06-15,Delhi,mobile,False
1121,2023-07-07,Mumbai,desktop,False
1122,2023-12-08,Bangalore,mobile,False
1123,2023-01-19,Chennai,desktop,True
1124,2023-04-26,Hyderabad,desktop,False
1125,2023-07-03,Delhi,desktop,True
1126,2023-09-27,Chennai,desktop,False
1127,2023-02-02,Delhi,desktop,False
1128,2023-01-10,Bangalore,mobile,False
1129,2023-03-21,Chennai,desktop,False
1130,2023-07-11,Hyderabad,mobile,False
1131,2023-11-16,Delhi,desktop,True
1132,2023-07-09,Bangalore,mobile,True
1133,2023-03-09,Chennai,mobile,False
1134,2023-12-14,Delhi,mobile,False
1135,2023-05-05,Delhi,mobile,False
1136,2023-12-02,Hyderabad,mobile,False
1137,2023-02-28,Bangalore,mobile,True
1138,2023-04-07,Mumbai,desktop,True
1139,2023-10-02,Delhi,mobile,True
1140,2023-05-29,Chennai,mobile,False
1141,2023-10-05,Hyderabad,desktop,True
1142,2023-09-22,Hyderabad,mobile,True
1143,2023-01-09,Delhi,mobile,False
1144,2023-10-10,Delhi,mobile,False
1145,2023-09-30,Delhi,desktop,False
1146,2023-10-28,Mumbai,mobile,False
1147,2023-01-08,Delhi,mobile,False
1148,2023-07-27,Bangalore,mobile,False
1149,2023-05-05,Chennai,mobile,False
1150,2023-05-03,Delhi,mobile,True
1151,2023-02-02,Mumbai,desktop,True
1152,2023-01-01,Chennai,desktop,True
1153,2023-07-23,Hyderabad,mobile,True
1154,2023-01-06,Delhi,mobile,False
1155,2023-10-24,Chennai,desktop,True
1156,2023-01-05,Hyderabad,mobile,False
1157,2023-03-21,Mumbai,mobile,True
1158,2023-10-01,Bangalore,mobile,False
1159,2023-06-26,Delhi,mobile,False
1160,2023-12-04,Bangalore,desktop,False
1161,2023-11-17,Mumbai,mobile,False
1162,2023-12-05,Chennai,mobile,True
1163,2023-05-16,Chennai,mobile,False
1164,2024-01-22,Mumbai,desktop,True
1165,2023-01-25,Mumbai,mobile,False
1166,2023-11-21,Delhi,mobile,False
1167,2023-07-02,Hyderabad,mobile,True
1168,2023-06-17,Bangalore,mobile,False
1169,2023-12-04,Bangalore,mobile,True
1170,2023-06-27,Chennai,mobile,False
1171,2024-01-08,Chennai,mobile,False
1172,2023-04-05,Delhi,mobile,False
1173,2023-02-02,Mumbai,desktop,False
1174,2023-04-21,Bangalore,mobile,False
1175,2023-05-26,Delhi,mobile,False
1176,2024-01-16,Chennai,mobile,True
1177,2023-08-19,Chennai,mobile,False
1178,2023-09-29,Bangalore,mobile,False
1179,2023-12-02,Chennai,desktop,True
1180,2023-02-07,Chennai,desktop,True
1181,2023-05-15,Hyderabad,mobile,True
1182,2023-11-30,Mumbai,mobile,False
1183,2023-08-23,Chennai,mobile,False
1184,2023-11-15,Hyderabad,mobile,False
1185,2024-01-03,Delhi,mobile,False
1186,2023-12-11,Chennai,mobile,True
1187,2023-06-09,Delhi,desktop,True
1188,2023-02-07,Chennai,mobile,True
1189,2023-05-30,Bangalore,mobile,False
1190,2024-02-04,Hyderabad,desktop,True
1191,2023-11-04,Hyderabad,mobile,False
1192,2023-01-29,Bangalore,mobile,False
1193,2023-05-24,Mumbai,mobile,False
1194,2023-03-17,Hyderabad,mobile,False
1195,2023-05-25,Delhi,desktop,False
1196,2023-08-17,Hyderabad,desktop,True
1197,2023-03-05,Mumbai,desktop,True
1198,2023-12-13,Delhi,desktop,False
1199,2023-12-11,Delhi,mobile,False
1200,2023-09-26,Bangalore,desktop,False
1201,2023-11-24,Chennai,desktop,True
1202,2023-07-03,Bangalore,mobile,False
1203,2023-09-18,Chennai,mobile,True
1204,2023-09-25,Bangalore,mobile,True
1205,2023-06-18,Chennai,mobile,True
1206,2023-09-16,Hyderabad,mobile,False
1207,2023-08-15,Delhi,desktop,True
1208,2023-02-02,Chennai,desktop,True
1209,2024-01-12,Hyderabad,mobile,False
1210,2023-08-02,Mumbai,mobile,False
1211,2023-02-19,Bangalore,desktop,False
1212,2024-01-28,Mumbai,mobile,False
1213,2023-07-29,Hyderabad,mobile,False
1214,2023-01-29,Mumbai,desktop,True
1215,2023-02-08,Mumbai,desktop,True
1216,2023-12-13,Hyderabad,desktop,False
1217,2023-04-10,Delhi,mobile,True
1218,2023-06-22,Chennai,mobile,False
1219,2023-01-17,Bangalore,desktop,False
1220,2023-02-25,Chennai,mobile,False
1221,2023-08-14,Bangalore,desktop,False
1222,2023-02-15,Chennai,mobile,False
1223,2023-03-08,Mumbai,mobile,True
1224,2023-07-16,Delhi,mobile,False
1225,2023-05-22,Mumbai,mobile,True
1226,2023-11-19,Delhi,desktop,False
1227,2023-01-23,Hyderabad,mobile,False
1228,2023-04-04,Bangalore,desktop,True
1229,2023-08-30,Bangalore,desktop,False
1230,2023-08-25,Hyderabad,mobile,True
1231,2023-02-23,Chennai,desktop,True
1232,2023-05-18,Hyderabad,mobile,False
1233,2023-11-29,Hyderabad,desktop,True
1234,2023-09-29,Delhi,mobile,True
1235,2023-02-10,Hyderabad,mobile,False
1236,2023-04-08,Bangalore,mobile,False
1237,2023-07-02,Mumbai,mobile,True
1238,2023-05-08,Delhi,desktop,True
1239,2023-08-17,Delhi,mobile,False
1240,2023-11-13,Chennai,mobile,True
1241,2023-03-27,Mumbai,mobile,True
1242,2023-09-13,Delhi,desktop,False
1243,2023-07-28,Hyderabad,mobile,False
1244,2023-08-03,Delhi,mobile,False
1245,2024-01-09,Delhi,mobile,True
1246,2023-04-10,Delhi,mobile,False
1247,2023-02-18,Chennai,desktop,False
1248,2023-07-20,Delhi,desktop,True
1249,2023-09-15,Delhi,desktop,True
1250,2024-01-11,Chennai,mobile,False
1251,2023-06-27,Mumbai,desktop,False
1252,2023-09-02,Bangalore,mobile,False
1253,2023-05-03,Chennai,desktop,False
1254,2023-12-08,Chennai,mobile,False
1255,2023-06-20,Delhi,mobile,False
1256,2023-11-29,Delhi,mobile,True
1257,2023-05-16,Bangalore,mobile,True
1258,2023-02-28,Delhi,mobile,False
1259,2023-07-12,Hyderabad,desktop,False
1260,2023-09-25,Delhi,mobile,False
1261,2023-09-17,Delhi,desktop,False
1262,2024-01-08,Hyderabad,mobile,False
1263,2023-04-05,Bangalore,mobile,True
1264,2023-05-05,Hyderabad,desktop,False
1265,2023-02-10,Chennai,mobile,False
1266,2024-01-14,Hyderabad,mobile,True
1267,2023-09-11,Mumbai,desktop,True
1268,2023-01-07,Chennai,mobile,False
1269,2023-08-04,Delhi,mobile,False
1270,2023-03-10,Chennai,desktop,True
1271,2023-03-10,Bangalore,mobile,True
1272,2023-03-22,Bangalore,desktop,False
1273,2023-01-30,Hyderabad,mobile,False
1274,2023-03-14,Chennai,mobile,False
1275,2023-09-19,Delhi,mobile,False
1276,2023-03-30,Bangalore,desktop,False
1277,2023-07-27,Delhi,mobile,True
1278,2023-08-01,Mumbai,desktop,False
1279,2023-11-18,Bangalore,mobile,True
1280,2023-09-23,Hyderabad,mobile,False
1281,2024-02-04,Mumbai,desktop,True
1282,2023-10-20,Chennai,mobile,False
1283,2023-07-26,Delhi,mobile,True
1284,2023-11-29,Bangalore,mobile,False
1285,2023-03-18,Mumbai,mobile,True
1286,2023-10-15,Mumbai,mobile,True
1287,2023-02-16,Bangalore,mobile,True
1288,2023-04-20,Chennai,mobile,False
1289,2023-07-19,Chennai,mobile,True
1290,2023-07-29,Hyderabad,mobile,False
1291,2024-01-11,Chennai,mobile,False
1292,2023-06-03,Hyderabad,desktop,False
1293,2023-01-10,Mumbai,desktop,False
1294,2023-12-19,Bangalore,mobile,False
1295,2023-06-06,Chennai,mobile,True
1296,2023-09-18,Hyderabad,desktop,True
1297,2023-03-18,Mumbai,mobile,False
1298,2023-09-14,Chennai,mobile,True
1299,2023-05-11,Delhi,mobile,False
1300,2023-03-08,Mumbai,desktop,True
1301,2023-08-16,Chennai,mobile,False
1302,2023-06-12,Mumbai,desktop,True
1303,2023-01-15,Bangalore,desktop,False
1304,2023-08-20,Bangalore,mobile,False
1305,2023-07-14,Bangalore,desktop,True
1306,2023-12-15,Delhi,mobile,True
1307,2023-01-30,Bangalore,mobile,True
1308,2023-12-25,Delhi,mobile,False
1309,2023-12-04,Bangalore,mobile,True
1310,2023-11-27,Mumbai,mobile,True
1311,2023-11-12,Chennai,mobile,False
1312,2023-10-23,Chennai,mobile,False
1313,2023-11-26,Bangalore,mobile,True
1314,2023-08-08,Chennai,mobile,True
1315,2024-01-12,Bangalore,desktop,False
1316,2023-05-27,Bangalore,mobile,False
1317,2023-09-16,Hyderabad,mobile,True
1318,2023-10-19,Hyderabad,mobile,False
1319,2023-10-26,Hyderabad,mobile,True
1320,2023-05-23,Delhi,mobile,True
1321,2023-08-23,Hyderabad,mobile,False
1322,2023-04-25,Bangalore,mobile,True
1323,2023-12-31,Mumbai,mobile,False
1324,2023-03-31,Hyderabad,desktop,False
1325,2023-07-27,Hyderabad,desktop,False
1326,2023-06-13,Mumbai,mobile,True
1327,2023-03-25,Bangalore,desktop,True
1328,2023-03-18,Delhi,mobile,False
1329,2023-06-10,Hyderabad,mobile,True
1330,2023-01-05,Mumbai,desktop,False
1331,2023-03-19,Bangalore,mobile,True
1332,2023-04-01,Chennai,mobile,True
1333,2023-03-28,Delhi,mobile,True
1334,2023-09-27,Mumbai,mobile,False
1335,2023-04-14,Mumbai,mobile,False
1336,2023-12-05,Mumbai,mobile,True
1337,2023-06-24,Hyderabad,mobile,False
1338,2023-02-23,Chennai,mobile,True
1339,2024-01-23,Delhi,desktop,True
1340,2023-07-30,Bangalore,mobile,False
1341,2023-04-05,Bangalore,desktop,False
1342,2023-08-11,Chennai,mobile,True
1343,2023-01-09,Mumbai,desktop,True
1344,2023-02-22,Mumbai,desktop,False
1345,2023-03-18,Mumbai,mobile,False
1346,2023-07-25,Mumbai,mobile,False
1347,2023-11-12,Mumbai,mobile,True
1348,2023-10-29,Chennai,desktop,False
1349,2023-11-06,Hyderabad,mobile,True
1350,2023-11-26,Delhi,mobile,False
1351,2023-04-22,Mumbai,mobile,True
1352,2023-12-17,Hyderabad,desktop,True
1353,2023-06-14,Bangalore,mobile,False
1354,2023-10-06,Chennai,mobile,False
1355,2023-01-27,Hyderabad,mobile,False
1356,2023-03-11,Mumbai,desktop,True
1357,2023-08-06,Mumbai,mobile,False
1358,2023-12-31,Mumbai,mobile,False
1359,2023-07-08,Hyderabad,mobile,True
1360,2023-11-29,Mumbai,mobile,False
1361,2023-11-02,Hyderabad,desktop,False
1362,2023-05-04,Mumbai,mobile,True
1363,2023-01-19,Bangalore,mobile,True
1364,2023-09-14,Bangalore,desktop,True
1365,2023-10-23,Delhi,desktop,True
1366,2023-01-22,Mumbai,mobile,False
1367,2024-01-03,Mumbai,mobile,False
1368,2023-02-09,Hyderabad,desktop,False
1369,2023-02-07,Hyderabad,mobile,True
1370,2023-02-17,Mumbai,desktop,False
1371,2023-07-02,Delhi,desktop,False
1372,2023-03-16,Mumbai,mobile,False
1373,2023-07-28,Hyderabad,desktop,True
1374,2023-07-02,Mumbai,mobile,False
1375,2023-04-17,Hyderabad,mobile,False
1376,2023-07-07,Mumbai,mobile,False
1377,2023-09-21,Chennai,desktop,True
1378,2023-03-27,Hyderabad,mobile,True
1379,2023-11-20,Delhi,mobile,False
1380,2023-11-27,Chennai,desktop,True
1381,2023-05-17,Mumbai,mobile,False
1382,2023-12-12,Hyderabad,mobile,False
1383,2024-01-21,Chennai,desktop,True
1384,2023-12-02,Delhi,desktop,False
1385,2023-04-05,Hyderabad,desktop,True
1386,2023-11-22,Chennai,desktop,True
1387,2023-09-02,Chennai,mobile,False
1388,2023-03-31,Chennai,mobile,False
1389,2023-02-28,Bangalore,mobile,True
1390,2023-01-28,Mumbai,mobile,False
1391,2023-03-13,Hyderabad,mobile,True
1392,2023-09-27,Hyderabad,desktop,False
1393,2023-01-24,Hyderabad,mobile,False
1394,2023-04-22,Chennai,mobile,True
1395,2023-10-27,Mumbai,mobile,False
1396,2023-02-25,Delhi,mobile,False
1397,2023-08-11,Hyderabad,mobile,False
1398,2023-04-30,Mumbai,mobile,False
1399,2023-06-28,Mumbai,mobile,True
1400,2023-10-15,Bangalore,mobile,True
1401,2023-10-08,Hyderabad,desktop,False
1402,2024-01-07,Chennai,desktop,False
1403,2023-07-08,Mumbai,mobile,False
1404,2023-03-07,Mumbai,desktop,True
1405,2023-10-25,Delhi,mobile,False
1406,2023-09-06,Bangalore,mobile,True
1407,2023-03-17,Mumbai,mobile,True
1408,2023-05-17,Mumbai,mobile,False
1409,2023-06-13,Chennai,desktop,False
1410,2023-08-21,Chennai,mobile,True
1411,2023-09-12,Delhi,desktop,False
1412,2023-10-21,Delhi,mobile,False
1413,2023-06-19,Delhi,mobile,True
1414,2023-11-13,Chennai,desktop,False
1415,2023-06-23,Chennai,mobile,True
1416,2023-12-11,Bangalore,mobile,False
1417,2023-01-18,Hyderabad,mobile,False
1418,2023-03-11,Hyderabad,mobile,False
1419,2023-12-04,Bangalore,mobile,False
1420,2023-04-26,Hyderabad,mobile,True
1421,2023-03-21,Chennai,mobile,False
1422,2023-01-15,Hyderabad,mobile,False
1423,2023-06-25,Chennai,mobile,False
1424,2023-09-26,Bangalore,mobile,False
1425,2023-04-29,Delhi,mobile,False
1426,2023-10-26,Bangalore,mobile,False
1427,2023-07-07,Hyderabad,mobile,True
1428,2023-02-26,Chennai,mobile,True
1429,2023-07-18,Hyderabad,mobile,False
1430,2023-01-17,Hyderabad,mobile,False
1431,2023-10-15,Delhi,mobile,False
1432,2023-02-24,Hyderabad,mobile,True
1433,2023-09-26,Delhi,mobile,True
1434,2023-10-30,Chennai,mobile,False
1435,2023-03-28,Chennai,mobile,False
1436,2023-11-14,Delhi,mobile,False
1437,2023-01-29,Bangalore,mobile,True
1438,2023-01-22,Chennai,mobile,True
1439,2023-11-17,Bangalore,mobile,False
1440,2023-10-12,Chennai,desktop,True
1441,2023-02-17,Chennai,mobile,False
1442,2023-01-05,Mumbai,desktop,False
1443,2023-09-07,Hyderabad,desktop,True
1444,2023-06-12,Hyderabad,mobile,True
1445,2023-07-21,Bangalore,mobile,True
1446,2023-04-11,Hyderabad,mobile,False
1447,2023-03-12,Bangalore,mobile,True
1448,2023-06-12,Chennai,mobile,True
1449,2023-06-22,Mumbai,desktop,False
1450,2023-05-21,Mumbai,desktop,True
1451,2023-05-18,Chennai,mobile,False
1452,2023-03-07,Delhi,mobile,True
1453,2023-07-17,Delhi,mobile,False
1454,2023-11-24,Hyderabad,desktop,True
1455,2023-08-16,Bangalore,desktop,True
1456,2023-10-08,Mumbai,desktop,False
1457,2023-06-21,Hyderabad,mobile,True
1458,2023-11-12,Chennai,mobile,False
1459,2023-02-09,Mumbai,mobile,True
1460,2023-01-07,Bangalore,mobile,False
1461,2023-06-23,Bangalore,desktop,False
1462,2023-05-31,Delhi,desktop,True
1463,2023-07-30,Hyderabad,mobile,True
1464,2023-10-29,Chennai,mobile,False
1465,2023-03-27,Mumbai,mobile,False
1466,2024-02-01,Bangalore,desktop,True
1467,2023-09-10,Mumbai,mobile,False
1468,2023-01-21,Chennai,mobile,True
1469,2023-09-14,Mumbai,mobile,True
1470,2024-01-14,Hyderabad,mobile,False
1471,2024-01-16,Delhi,desktop,False
1472,2023-02-02,Mumbai,mobile,False
1473,2023-09-17,Delhi,mobile,True
1474,2023-08-22,Chennai,mobile,True
1475,2023-01-03,Delhi,mobile,False
1476,2023-12-13,Mumbai,mobile,True
1477,2023-11-04,Mumbai,mobile,True
1478,2023-08-15,Bangalore,mobile,True
1479,2023-10-11,Mumbai,desktop,False
1480,2023-03-11,Delhi,mobile,True
1481,2023-11-09,Bangalore,mobile,True
1482,2023-12-30,Mumbai,mobile,False
1483,2023-09-11,Mumbai,mobile,False
1484,2023-05-24,Chennai,mobile,True
1485,2023-01-24,Bangalore,desktop,False
1486,2023-08-22,Chennai,mobile,True
1487,2023-11-29,Chennai,mobile,False
1488,2023-06-24,Chennai,mobile,False
1489,2023-11-28,Hyderabad,mobile,True
1490,2023-11-21,Chennai,mobile,True
1491,2023-12-23,Delhi,mobile,False
1492,2023-06-08,Mumbai,mobile,False
1493,2023-12-14,Hyderabad,mobile,False
1494,2023-12-14,Chennai,mobile,True
1495,2023-10-13,Mumbai,mobile,True
1496,2023-01-18,Bangalore,mobile,True
1497,2023-02-13,Bangalore,mobile,True
1498,2023-06-04,Mumbai,mobile,False
1499,2023-12-21,Delhi,desktop,False
1500,2024-01-12,Mumbai,mobile,True
1501,2023-08-19,Mumbai,mobile,True
1502,2024-01-06,Hyderabad,mobile,False
1503,2023-11-12,Bangalore,desktop,True
1504,2023-08-13,Bangalore,desktop,False
1505,2023-08-05,Chennai,mobile,False
1506,2023-02-25,Mumbai,mobile,False
1507,2023-01-31,Mumbai,desktop,False
1508,2023-12-23,Delhi,mobile,False
1509,2023-02-28,Bangalore,mobile,True
1510,2024-01-15,Delhi,desktop,False
1511,2024-01-21,Hyderabad,mobile,True
1512,2023-12-19,Chennai,mobile,True
1513,2023-08-23,Delhi,desktop,False
1514,2023-04-17,Bangalore,mobile,True
1515,2023-07-10,Hyderabad,mobile,True
1516,2023-01-18,Mumbai,mobile,True
1517,2023-08-14,Hyderabad,mobile,True
1518,2023-06-16,Delhi,mobile,False
1519,2023-03-12,Bangalore,mobile,True
1520,2023-12-28,Delhi,mobile,False
1521,2023-02-23,Mumbai,desktop,False
1522,2023-09-02,Mumbai,mobile,False
1523,2023-12-16,Bangalore,desktop,False
1524,2023-03-17,Chennai,desktop,False
1525,2023-02-04,Hyderabad,mobile,True
1526,2023-09-24,Hyderabad,mobile,False
1527,2023-11-13,Mumbai,desktop,False
1528,2023-10-27,Delhi,mobile,False
1529,2023-05-01,Delhi,mobile,False
1530,2023-11-20,Chennai,mobile,True
1531,2023-01-25,Delhi,desktop,False
1532,2023-06-09,Hyderabad,mobile,True
1533,2023-03-25,Delhi,mobile,True
1534,2023-04-24,Chennai,mobile,True
1535,2023-08-11,Hyderabad,desktop,False
1536,2024-01-23,Delhi,mobile,False
1537,2023-06-15,Hyderabad,mobile,False
1538,2023-07-10,Mumbai,mobile,False
1539,2023-06-24,Mumbai,mobile,True
1540,2023-01-01,Mumbai,mobile,False
1541,2024-01-22,Delhi,mobile,False
1542,2023-08-17,Chennai,mobile,False
1543,2023-03-27,Hyderabad,desktop,False
1544,2023-03-03,Bangalore,mobile,False
1545,2023-11-16,Mumbai,mobile,False
1546,2024-01-17,Mumbai,desktop,True
1547,2023-07-25,Bangalore,mobile,False
1548,2023-04-15,Bangalore,mobile,False
1549,2023-11-14,Delhi,desktop,True
1550,2023-10-18,Hyderabad,mobile,False
1551,2023-09-07,Mumbai,mobile,True
1552,2023-01-13,Chennai,mobile,False
1553,2023-06-12,Delhi,mobile,False
1554,2023-02-12,Delhi,mobile,False
1555,2024-01-21,Chennai,desktop,False
1556,2023-04-21,Chennai,mobile,True
1557,2023-07-24,Chennai,mobile,True
1558,2024-01-19,Bangalore,mobile,False
1559,2023-09-13,Mumbai,desktop,True
1560,2023-11-03,Bangalore,desktop,False
1561,2023-05-24,Mumbai,mobile,True
1562,2023-05-26,Bangalore,desktop,True
1563,2024-01-26,Hyderabad,desktop,False
1564,2023-10-28,Mumbai,mobile,False
1565,2023-06-13,Delhi,mobile,True
1566,2023-06-18,Mumbai,mobile,True
1567,2023-10-25,Mumbai,desktop,True
1568,2023-08-21,Mumbai,desktop,False
1569,2024-01-26,Hyderabad,mobile,True
1570,2023-09-28,Bangalore,mobile,False
1571,2023-03-01,Delhi,mobile,False
1572,2023-10-23,Bangalore,desktop,False
1573,2023-08-23,Bangalore,desktop,True
1574,2023-06-14,Chennai,mobile,False
1575,2023-07-13,Hyderabad,mobile,False
1576,2023-08-22,Chennai,mobile,True
1577,2024-01-03,Hyderabad,desktop,True
1578,2023-07-02,Bangalore,mobile,False
1579,2023-11-29,Bangalore,mobile,True
1580,2023-08-20,Hyderabad,desktop,False
1581,2023-12-27,Bangalore,mobile,False
1582,2023-04-17,Bangalore,desktop,False
1583,2024-01-13,Delhi,mobile,False
1584,2023-08-11,Chennai,mobile,False
1585,2023-03-21,Chennai,desktop,True
1586,2023-08-22,Chennai,mobile,True
1587,2024-01-16,Mumbai,mobile,False
1588,2023-07-03,Delhi,mobile,False
1589,2023-07-04,Chennai,mobile,False
1590,2023-05-14,Chennai,mobile,False
1591,2023-08-08,Delhi,desktop,True
1592,2023-10-15,Bangalore,desktop,True
1593,2023-12-30,Chennai,desktop,True
1594,2023-07-21,Bangalore,mobile,True
1595,2024-01-05,Chennai,desktop,False
1596,2023-05-26,Hyderabad,desktop,False
1597,2023-11-20,Mumbai,mobile,False
1598,2023-05-07,Chennai,mobile,False
1599,2023-05-15,Hyderabad,mobile,True
1600,2023-04-24,Delhi,desktop,True
1601,2023-09-21,Hyderabad,mobile,True
1602,2023-03-05,Delhi,desktop,False
1603,2023-05-15,Chennai,mobile,False
1604,2023-02-10,Delhi,desktop,False
1605,2023-10-23,Hyderabad,mobile,False
1606,2023-01-03,Mumbai,mobile,True
1607,2023-07-13,Bangalore,mobile,True
1608,2023-04-20,Bangalore,mobile,False
1609,2023-08-09,Mumbai,desktop,True
1610,2024-01-05,Bangalore,desktop,False
1611,2024-01-03,Chennai,mobile,False
1612,2023-01-04,Chennai,mobile,True
1613,2023-09-01,Hyderabad,mobile,False
1614,2024-01-25,Hyderabad,mobile,False
1615,2023-06-15,Delhi,mobile,False
1616,2023-01-26,Hyderabad,desktop,True
1617,2024-01-30,Chennai,desktop,False
1618,2023-01-17,Hyderabad,mobile,False
1619,2023-08-04,Bangalore,mobile,False
1620,2023-04-02,Delhi,mobile,True
1621,2023-01-31,Delhi,mobile,False
1622,2023-07-24,Chennai,mobile,False
1623,2024-02-04,Hyderabad,mobile,False
1624,2023-07-26,Bangalore,mobile,False
1625,2023-04-17,Hyderabad,mobile,False
1626,2023-05-26,Mumbai,mobile,False
1627,2024-01-02,Hyderabad,mobile,True
1628,2023-04-11,Chennai,mobile,False
1629,2024-01-03,Hyderabad,desktop,True
1630,2023-11-14,Delhi,desktop,False
1631,2024-01-03,Bangalore,desktop,False
1632,2023-08-29,Chennai,mobile,True
1633,2023-09-04,Mumbai,mobile,False
1634,2023-06-12,Bangalore,mobile,False
1635,2024-01-07,Bangalore,mobile,True
1636,2023-06-22,Delhi,desktop,False
1637,2023-02-04,Delhi,mobile,True
1638,2023-10-11,Delhi,mobile,False
1639,2023-12-25,Chennai,mobile,False
1640,2024-01-16,Hyderabad,mobile,False
1641,2023-12-24,Bangalore,desktop,False
1642,2024-01-28,Hyderabad,mobile,False
1643,2024-02-03,Hyderabad,mobile,True
1644,2023-01-21,Delhi,mobile,False
1645,2023-11-04,Hyderabad,desktop,False
1646,2023-06-12,Bangalore,mobile,False
1647,2023-04-07,Bangalore,mobile,False
1648,2023-11-03,Mumbai,mobile,False
1649,2023-12-05,Chennai,desktop,False
1650,2023-02-24,Hyderabad,mobile,True
1651,2023-11-29,Chennai,mobile,False
1652,2023-05-07,Chennai,desktop,False
1653,2023-07-12,Chennai,desktop,True
1654,2023-08-31,Chennai,mobile,False
1655,2023-12-15,Bangalore,desktop,False
1656,2023-03-29,Hyderabad,mobile,False
1657,2023-12-02,Mumbai,desktop,False
1658,2023-08-03,Chennai,mobile,False
1659,2023-04-02,Mumbai,mobile,False
1660,2023-10-30,Bangalore,desktop,False
1661,2023-08-23,Bangalore,desktop,True
1662,2023-07-03,Delhi,mobile,False
1663,2023-02-07,Chennai,desktop,False
1664,2023-05-19,Delhi,mobile,False
1665,2023-07-14,Mumbai,desktop,False
1666,2023-01-15,Hyderabad,mobile,True
1667,2023-09-14,Delhi,mobile,True
1668,2023-05-15,Bangalore,mobile,False
1669,2023-01-01,Chennai,mobile,False
1670,2023-02-18,Mumbai,mobile,False
1671,2023-04-06,Bangalore,mobile,False
1672,2023-07-20,Hyderabad,mobile,True
1673,2023-01-26,Chennai,desktop,True
1674,2023-12-09,Hyderabad,mobile,False
1675,2023-08-23,Hyderabad,mobile,True
1676,2023-12-15,Chennai,mobile,False
1677,2023-09-01,Chennai,mobile,True
1678,2023-12-24,Hyderabad,mobile,False
1679,2023-11-23,Mumbai,mobile,True
1680,2024-01-31,Chennai,mobile,True
1681,2023-12-17,Bangalore,mobile,False
1682,2024-01-09,Delhi,mobile,False
1683,2024-01-10,Mumbai,mobile,True
1684,2023-02-20,Chennai,desktop,False
1685,2023-03-22,Chennai,mobile,True
1686,2023-02-05,Mumbai,desktop,False
1687,2023-03-08,Delhi,mobile,True
1688,2023-05-09,Hyderabad,desktop,True
1689,2024-01-05,Bangalore,mobile,False
1690,2023-06-04,Chennai,mobile,True
1691,2023-09-02,Delhi,desktop,False
1692,2023-04-21,Bangalore,mobile,True
1693,2023-06-17,Mumbai,mobile,False
1694,2023-05-22,Chennai,mobile,True
1695,2023-12-22,Hyderabad,desktop,True
1696,2023-07-16,Mumbai,mobile,True
1697,2023-04-19,Chennai,mobile,False
1698,2024-01-11,Delhi,desktop,False
1699,2023-03-20,Bangalore,mobile,False
1700,2024-01-25,Bangalore,desktop,False
1701,2023-06-10,Chennai,mobile,False
1702,2023-01-19,Mumbai,desktop,False
1703,2023-05-07,Hyderabad,mobile,True
1704,2023-07-24,Delhi,mobile,True
1705,2023-01-29,Chennai,mobile,False
1706,2023-07-26,Delhi,mobile,False
1707,2023-10-07,Bangalore,mobile,True
1708,2023-05-31,Hyderabad,mobile,False
1709,2023-08-28,Delhi,mobile,False
1710,2023-09-23,Chennai,mobile,False
1711,2023-07-01,Hyderabad,mobile,True
1712,2023-04-15,Mumbai,mobile,False
1713,2023-08-24,Chennai,mobile,True
1714,2023-06-22,Delhi,mobile,True
1715,2023-06-07,Hyderabad,mobile,False
1716,2023-06-21,Chennai,mobile,True
1717,2023-11-07,Hyderabad,desktop,True
1718,2023-06-06,Hyderabad,mobile,True
1719,2023-09-15,Hyderabad,mobile,False
1720,2023-06-13,Delhi,mobile,True
1721,2023-05-27,Chennai,desktop,True
1722,2024-01-26,Bangalore,mobile,False
1723,2023-06-03,Bangalore,desktop,False
1724,2024-01-02,Delhi,mobile,False
1725,2023-02-07,Delhi,desktop,True
1726,2023-05-11,Hyderabad,mobile,True
1727,2023-12-24,Chennai,mobile,False
1728,2023-09-12,Chennai,mobile,True
1729,2023-07-27,Mumbai,desktop,False
1730,2023-04-05,Mumbai,desktop,False
1731,2023-12-14,Bangalore,mobile,True
1732,2023-11-23,Mumbai,mobile,False
1733,2023-06-20,Mumbai,mobile,True
1734,2023-09-07,Bangalore,mobile,False
1735,2023-07-09,Bangalore,mobile,False
1736,2023-07-18,Mumbai,mobile,False
1737,2023-08-09,Chennai,desktop,True
1738,2023-01-24,Mumbai,mobile,True
1739,2023-09-01,Hyderabad,mobile,True
1740,2023-11-20,Hyderabad,mobile,True
1741,2023-05-08,Hyderabad,desktop,False
1742,2023-04-03,Delhi,desktop,False
1743,2023-10-27,Hyderabad,mobile,False
1744,2023-05-13,Chennai,desktop,False
1745,2023-02-24,Delhi,desktop,False
1746,2023-06-07,Delhi,mobile,False
1747,2023-01-29,Hyderabad,mobile,True
1748,2023-07-30,Mumbai,desktop,False
1749,2023-06-03,Bangalore,mobile,False
1750,2023-10-20,Mumbai,mobile,False
1751,2023-08-10,Mumbai,mobile,False
1752,2023-04-25,Delhi,mobile,False
1753,2023-06-07,Delhi,desktop,True
1754,2023-09-16,Delhi,mobile,False
1755,2023-09-08,Chennai,mobile,True
1756,2023-05-02,Chennai,desktop,False
1757,2023-10-26,Bangalore,mobile,False
1758,2023-09-20,Delhi,mobile,False
1759,2024-01-16,Hyderabad,desktop,False
1760,2023-02-18,Delhi,mobile,False
1761,2024-01-12,Chennai,mobile,True
1762,2023-11-25,Delhi,mobile,True
1763,2023-10-24,Chennai,mobile,False
1764,2023-12-28,Delhi,desktop,True
1765,2023-03-18,Hyderabad,mobile,True
1766,2023-05-07,Bangalore,mobile,True
1767,2023-07-16,Hyderabad,mobile,False
1768,2023-08-09,Chennai,mobile,True
1769,2023-04-01,Mumbai,desktop,False
1770,2023-01-08,Hyderabad,desktop,False
1771,2023-02-01,Delhi,desktop,False
1772,2023-11-16,Bangalore,mobile,True
1773,2024-01-29,Delhi,desktop,False
1774,2023-09-26,Delhi,mobile,False
1775,2023-07-10,Hyderabad,desktop,False
1776,2023-12-15,Bangalore,desktop,False
1777,2023-06-12,Mumbai,mobile,False
1778,2023-03-02,Delhi,mobile,True
1779,2023-09-21,Bangalore,mobile,False
1780,2023-10-12,Mumbai,mobile,True
1781,2023-04-05,Delhi,desktop,True
1782,2023-02-10,Bangalore,mobile,False
1783,2023-05-29,Hyderabad,mobile,False
1784,2023-07-23,Delhi,mobile,True
1785,2023-09-24,Delhi,desktop,False
1786,2023-01-02,Bangalore,mobile,False
1787,2023-06-27,Delhi,mobile,True
1788,2023-07-13,Mumbai,mobile,False
1789,2024-01-22,Delhi,mobile,True
1790,2023-12-02,Chennai,mobile,True
1791,2023-07-15,Mumbai,desktop,True
1792,2023-12-09,Bangalore,mobile,True
1793,2023-09-06,Mumbai,mobile,True
1794,2023-07-31,Chennai,mobile,True
1795,2023-06-02,Chennai,mobile,False
1796,2023-06-07,Delhi,mobile,False
1797,2023-12-28,Delhi,mobile,False
1798,2023-05-19,Hyderabad,mobile,False
1799,2023-08-09,Mumbai,mobile,True
1800,2023-09-30,Hyderabad,mobile,False
1801,2023-06-03,Chennai,desktop,False
1802,2023-09-06,Delhi,mobile,True
1803,2023-10-06,Delhi,desktop,True
1804,2023-10-31,Delhi,desktop,False
1805,2023-10-03,Bangalore,mobile,False
1806,2023-01-02,Chennai,desktop,False
1807,2023-03-29,Delhi,mobile,True
1808,2023-10-14,Chennai,mobile,True
1809,2023-05-10,Delhi,mobile,False
1810,2023-03-19,Mumbai,mobile,False
1811,2023-09-17,Chennai,mobile,True
1812,2023-08-29,Hyderabad,mobile,True
1813,2023-05-21,Bangalore,mobile,False
1814,2023-08-16,Hyderabad,mobile,False
1815,2023-06-12,Chennai,mobile,True
1816,2023-08-24,Delhi,mobile,False
1817,2023-05-08,Chennai,mobile,False
1818,2023-07-19,Bangalore,mobile,False
1819,2024-01-25,Chennai,mobile,True
1820,2023-01-31,Delhi,mobile,True
1821,2023-05-18,Hyderabad,desktop,False
1822,2023-01-21,Mumbai,desktop,True
1823,2023-08-22,Hyderabad,mobile,False
1824,2023-07-21,Delhi,desktop,False
1825,2023-10-06,Delhi,mobile,True
1826,2023-05-11,Bangalore,mobile,False
1827,2023-05-28,Chennai,desktop,False
1828,2023-01-29,Chennai,mobile,False
1829,2023-12-27,Hyderabad,desktop,True
1830,2023-11-04,Mumbai,mobile,False
1831,2024-01-06,Mumbai,mobile,False
1832,2023-06-11,Bangalore,mobile,False
1833,2023-12-23,Delhi,mobile,False
1834,2023-12-06,Bangalore,mobile,False
1835,2023-03-02,Chennai,mobile,False
1836,2023-05-05,Delhi,desktop,False
1837,2023-03-12,Bangalore,mobile,True
1838,2023-11-22,Hyderabad,mobile,False
1839,2024-01-30,Chennai,mobile,False
1840,2023-12-30,Mumbai,desktop,True
1841,2023-08-31,Bangalore,mobile,True
1842,2023-09-06,Chennai,mobile,False
1843,2023-08-09,Chennai,desktop,False
1844,2023-01-21,Mumbai,mobile,False
1845,2024-01-22,Mumbai,mobile,True
1846,2023-03-23,Mumbai,desktop,True
1847,2023-12-10,Bangalore,desktop,True
1848,2024-01-02,Mumbai,mobile,False
1849,2023-01-10,Hyderabad,mobile,False
1850,2023-01-12,Chennai,desktop,True
1851,2023-09-20,Mumbai,mobile,True
1852,2023-05-25,Chennai,desktop,False
1853,2023-07-11,Delhi,mobile,False
1854,2023-09-07,Delhi,mobile,True
1855,2023-04-24,Mumbai,mobile,False
1856,2023-01-26,Chennai,desktop,True
1857,2023-09-28,Delhi,desktop,False
1858,2023-02-02,Mumbai,mobile,False
1859,2023-03-03,Chennai,desktop,False
1860,2023-08-17,Mumbai,mobile,True
1861,2023-10-30,Chennai,mobile,True
1862,2023-04-05,Delhi,desktop,False
1863,2023-02-04,Mumbai,desktop,True
1864,2023-07-12,Delhi,desktop,False
1865,2023-03-17,Mumbai,desktop,False
1866,2024-01-14,Bangalore,mobile,False
1867,2023-09-06,Delhi,mobile,False
1868,2023-03-24,Delhi,desktop,False
1869,2023-01-25,Hyderabad,mobile,False
1870,2023-02-26,Delhi,mobile,True
1871,2023-02-01,Chennai,mobile,True
1872,2023-11-15,Mumbai,mobile,True
1873,2023-01-12,Bangalore,desktop,True
1874,2023-11-15,Chennai,mobile,False
1875,2023-11-29,Chennai,desktop,False
1876,2023-04-02,Chennai,mobile,False
1877,2023-01-01,Chennai,mobile,False
1878,2023-11-22,Bangalore,mobile,False
1879,2023-05-16,Hyderabad,mobile,False
1880,2023-07-15,Delhi,mobile,True
1881,2023-05-13,Chennai,mobile,False
1882,2023-03-27,Delhi,mobile,False
1883,2023-10-22,Delhi,mobile,False
1884,2023-10-06,Chennai,mobile,True
1885,2023-11-20,Hyderabad,mobile,False
1886,2023-06-29,Delhi,mobile,False
1887,2023-01-04,Mumbai,mobile,False
1888,2023-05-06,Delhi,desktop,False
1889,2023-06-24,Chennai,mobile,False
1890,2023-09-08,Bangalore,desktop,True
1891,2023-01-21,Delhi,desktop,True
1892,2023-04-15,Hyderabad,mobile,False
1893,2023-03-07,Mumbai,desktop,True
1894,2023-09-20,Mumbai,mobile,False
1895,2023-02-18,Bangalore,desktop,False
1896,2023-01-16,Bangalore,desktop,True
1897,2023-05-25,Delhi,mobile,True
1898,2023-12-06,Chennai,mobile,True
1899,2023-09-07,Hyderabad,mobile,True
1900,2023-12-09,Mumbai,mobile,False
1901,2023-12-20,Bangalore,mobile,False
1902,2023-03-16,Hyderabad,mobile,False
1903,2023-10-17,Chennai,mobile,True
1904,2023-10-09,Mumbai,mobile,False
1905,2023-03-07,Mumbai,desktop,True
1906,2023-05-05,Chennai,desktop,False
1907,2023-11-15,Mumbai,mobile,False
1908,2023-03-28,Chennai,mobile,False
1909,2023-02-10,Mumbai,mobile,False
1910,2023-07-05,Delhi,mobile,True
1911,2023-12-20,Chennai,desktop,True
1912,2024-01-15,Hyderabad,mobile,False
1913,2023-12-01,Delhi,mobile,True
1914,2023-09-23,Hyderabad,desktop,True
1915,2023-09-28,Mumbai,desktop,True
1916,2023-02-11,Hyderabad,mobile,True
1917,2023-04-03,Delhi,mobile,False
1918,2023-07-04,Chennai,mobile,False
1919,2023-08-03,Bangalore,mobile,True
1920,2023-01-17,Hyderabad,desktop,True
1921,2023-09-22,Bangalore,mobile,False
1922,2023-04-24,Hyderabad,mobile,False
1923,2023-10-19,Hyderabad,desktop,False
1924,2023-10-19,Chennai,desktop,False
1925,2023-02-17,Mumbai,desktop,False
1926,2023-11-03,Delhi,mobile,False
1927,2023-04-07,Delhi,mobile,False
1928,2024-01-10,Delhi,mobile,True
1929,2023-04-05,Mumbai,mobile,False
1930,2023-11-22,Bangalore,mobile,True
1931,2023-03-15,Delhi,mobile,False
1932,2023-12-02,Bangalore,mobile,False
1933,2023-03-09,Mumbai,desktop,False
1934,2023-09-03,Mumbai,mobile,True
1935,2023-03-18,Chennai,desktop,False
1936,2023-07-27,Delhi,mobile,True
1937,2024-01-07,Chennai,desktop,True
1938,2023-09-11,Delhi,mobile,True
1939,2023-08-09,Mumbai,desktop,True
1940,2023-09-19,Mumbai,mobile,False
1941,2023-11-27,Hyderabad,mobile,False
1942,2023-12-10,Hyderabad,desktop,False
1943,2023-09-16,Mumbai,mobile,False
1944,2023-11-04,Mumbai,mobile,True
1945,2023-03-15,Bangalore,desktop,False
1946,2023-05-05,Bangalore,desktop,False
1947,2023-07-07,Chennai,mobile,False
1948,2023-09-11,Hyderabad,mobile,False
1949,2023-11-17,Hyderabad,mobile,False
1950,2023-11-04,Mumbai,mobile,True
1951,2023-08-23,Mumbai,desktop,True
1952,2023-09-07,Chennai,mobile,False
1953,2023-11-28,Hyderabad,mobile,True
1954,2024-02-02,Bangalore,desktop,False
1955,2023-12-11,Delhi,mobile,False
1956,2023-03-13,Chennai,mobile,False
1957,2023-08-23,Delhi,mobile,False
1958,2023-11-20,Bangalore,mobile,True
1959,2023-06-05,Bangalore,mobile,False
1960,2024-01-29,Delhi,mobile,False
1961,2023-04-25,Chennai,mobile,False
1962,2023-11-09,Delhi,mobile,False
1963,2023-08-16,Chennai,mobile,True
1964,2023-11-18,Chennai,mobile,False
1965,2023-12-12,Mumbai,mobile,True
1966,2023-09-02,Hyderabad,mobile,True
1967,2023-11-02,Hyderabad,mobile,True
1968,2023-01-14,Bangalore,mobile,True
1969,2023-01-16,Mumbai,mobile,True
1970,2023-02-11,Hyderabad,mobile,False
1971,2023-04-20,Chennai,desktop,False
1972,2023-10-05,Chennai,mobile,True
1973,2023-11-20,Delhi,desktop,True
1974,2023-01-19,Delhi,desktop,False
1975,2023-03-07,Chennai,mobile,True
1976,2023-06-16,Chennai,mobile,True
1977,2023-03-14,Delhi,desktop,False
1978,2024-02-04,Hyderabad,mobile,False
1979,2023-11-06,Bangalore,desktop,True
1980,2023-04-22,Delhi,mobile,False
1981,2023-10-01,Hyderabad,mobile,False
1982,2024-01-08,Hyderabad,mobile,True
1983,2023-03-26,Hyderabad,mobile,False
1984,2023-05-19,Mumbai,mobile,False
1985,2023-02-08,Mumbai,mobile,True
1986,2023-04-15,Hyderabad,desktop,True
1987,2023-11-20,Chennai,desktop,True
1988,2023-10-08,Mumbai,mobile,False
1989,2023-05-03,Delhi,desktop,True
1990,2023-08-06,Mumbai,desktop,False
1991,2024-01-12,Chennai,desktop,True
1992,2023-03-02,Bangalore,mobile,False
1993,2023-04-10,Mumbai,desktop,False
1994,2023-11-03,Hyderabad,mobile,False
1995,2023-12-20,Hyderabad,mobile,False
1996,2024-01-28,Hyderabad,desktop,False
1997,2023-07-23,Bangalore,mobile,False
1998,2023-09-15,Chennai,mobile,True
1999,2023-01-05,Delhi,desktop,False
2000,2023-07-16,Chennai,mobile,False
